event_id,session_id,event_seq,timestamp,user_id,anonymous_id,page_type,page_title,action_type,dwell_time_seconds,idle_time_seconds,interaction_pace,is_rage_click,is_dead_click,is_exit_intent,friction_detected,session_error_count,recent_errors_count,consecutive_errors_count,rage_clicks_count,dead_clicks_count,form_errors_count,zero_result_searches,last_error_code,last_error_message,most_frequent_friction,active_filters,compared_products_count,current_product_name,current_product_price,cart_value,narrative_summary
evt_387eea22a3bf464ca393b6090109143b,sess_0000_1a3d1fa7,1,2026-10-03T09:29:07.632000Z,usr_21395,anon_8b9d2434e465,home,Ceneo - porównywarka cen,PAGE_VIEW,0,,normal,False,False,False,False,0,0,0,0,0,0,0,,,,,0,,,,Otwarto stronę Ceneo - porównywarka cen.
evt_4327ec68a6b044c9b521f9291ebb5dcb,sess_0000_1a3d1fa7,2,2026-10-03T09:29:08.893000Z,usr_21395,anon_8b9d2434e465,home,Ceneo - porównywarka cen,SCROLL,1,1.0,normal,False,False,False,False,0,0,0,0,0,0,0,,,,,0,,,,Przewinięto stronę 'Ceneo - porównywarka cen' do 203px.
evt_155a3e8d052d41deac201170d58b5843,sess_0000_1a3d1fa7,3,2026-10-03T09:29:10.210000Z,usr_21395,anon_8b9d2434e465,search,Szukaj: smartfon samsung 5g - Ceneo,SEARCH_QUERY,3,1.0,normal,False,False,False,False,0,0,0,0,0,0,0,,,,,0,,,,"Wyszukano ""smartfon samsung 5g"" (28 wyników)."
evt_b3c42a5bab8c4ca7a756fde365027a9d,sess_0000_1a3d1fa7,4,2026-10-03T09:29:10.210000Z,usr_21395,anon_8b9d2434e465,search,Szukaj: smartfon samsung 5g - Ceneo,PAGE_VIEW,0,0.0,rapid,False,False,False,False,0,0,0,0,0,0,0,,,,,0,,,,Otwarto stronę Szukaj: smartfon samsung 5g - Ceneo.
evt_348aa8495b1945ec8f91e09f5d07b551,sess_0000_1a3d1fa7,5,2026-10-03T09:29:13.524000Z,usr_21395,anon_8b9d2434e465,search,Szukaj: smartfon samsung 5g - Ceneo,PRICE_COMPARISON_CLICK,3,3.0,normal,False,False,False,False,0,0,0,0,0,0,0,,,,,0,Nothing Phone (2a) 256GB,1449.0,,Kliknięto ofertę Nothing Phone (2a) 256GB.
evt_579a77de1ec94a57aae7d18d47c6d959,sess_0000_1a3d1fa7,6,2026-10-03T09:29:14.053000Z,usr_21395,anon_8b9d2434e465,product_details,Nothing Phone (2a) 256GB - Ceneo,PRODUCT_INSPECT,0,1.0,normal,False,False,False,False,0,0,0,0,0,0,0,,,,,1,Nothing Phone (2a) 256GB,1449.0,,Wejście w produkt Nothing Phone (2a) 256GB.
evt_10967ce67af64b8ab9a0bed76910a282,sess_0000_1a3d1fa7,7,2026-10-03T09:29:19.192000Z,usr_21395,anon_8b9d2434e465,product_details,Nothing Phone (2a) 256GB - Ceneo,CLICK,5,5.0,normal,False,False,False,False,0,0,0,0,0,0,0,,,,,1,Nothing Phone (2a) 256GB,1449.0,,Kliknięto 'Dodaj do koszyka' na stronie Nothing Phone (2a) 256GB - Ceneo.
evt_dfb18803636640379fbb2eb9353b1296,sess_0000_1a3d1fa7,8,2026-10-03T09:29:19.473000Z,usr_21395,anon_8b9d2434e465,product_details,Nothing Phone (2a) 256GB - Ceneo,ADD_TO_CART,5,0.0,rapid,False,False,False,False,0,0,0,0,0,0,0,,,,,1,Nothing Phone (2a) 256GB,1449.0,1449.0,Dodano do koszyka: Nothing Phone (2a) 256GB.
evt_d8472b741a3a446684e61398792dae7d,sess_0000_1a3d1fa7,9,2026-10-03T09:29:20.505000Z,usr_21395,anon_8b9d2434e465,cart,Koszyk - Ceneo,CART_VIEW,0,1.0,normal,False,False,False,False,0,0,0,0,0,0,0,,,,,1,Nothing Phone (2a) 256GB,1449.0,1449.0,CART_VIEW na stronie Koszyk - Ceneo.
evt_553860a80cf848079e899111ac3562ac,sess_0000_1a3d1fa7,10,2026-10-03T09:29:22.574000Z,usr_21395,anon_8b9d2434e465,cart,Koszyk - Ceneo,CLICK,2,2.0,normal,False,False,False,False,0,0,0,0,0,0,0,,,,,1,,,1449.0,Kliknięto 'Przejdź do kasy' na stronie Koszyk - Ceneo.
evt_24872825744449f7b8244648d060545f,sess_0000_1a3d1fa7,11,2026-10-03T09:29:23.084000Z,usr_21395,anon_8b9d2434e465,checkout,Zamówienie - Ceneo,CHECKOUT_START,0,1.0,normal,False,False,False,False,0,0,0,0,0,0,0,,,,,1,Nothing Phone (2a) 256GB,1449.0,1449.0,CHECKOUT_START na stronie Zamówienie - Ceneo.
evt_3a814c65c01143d8a7aac6e064f81a57,sess_0000_1a3d1fa7,12,2026-10-03T09:29:25.573000Z,usr_21395,anon_8b9d2434e465,checkout,Zamówienie - Ceneo,FORM_INPUT,2,2.0,normal,False,False,False,False,0,0,0,0,0,0,0,,,,,1,Nothing Phone (2a) 256GB,1449.0,1449.0,Wpisano wartość w pole coupon_code.
evt_6553f4c22ba948af909d2a38e9f3f251,sess_0000_1a3d1fa7,13,2026-10-03T09:29:26.020000Z,usr_21395,anon_8b9d2434e465,checkout,Zamówienie - Ceneo,RAGE_CLICK,3,0.0,rapid,True,False,False,True,1,1,1,1,0,0,0,,,rage_click,,1,,,1449.0,Seria szybkich kliknięć w 'Zastosuj kod'.
evt_22cd041f4e0a4fbea82dc0d760542f3b,sess_0000_1a3d1fa7,14,2026-10-03T09:29:26.224000Z,usr_21395,anon_8b9d2434e465,checkout,Zamówienie - Ceneo,FORM_ERROR,3,0.0,rapid,False,False,False,True,2,2,2,1,0,1,0,COUPON_INVALID,Kod rabatowy jest nieprawidłowy,rage_click,,1,Nothing Phone (2a) 256GB,1449.0,1449.0,Błąd formularza COUPON_INVALID: Kod rabatowy jest nieprawidłowy.
evt_abbb9a62adad44018a22525539a4d322,sess_0000_1a3d1fa7,15,2026-10-03T09:29:26.358000Z,usr_21395,anon_8b9d2434e465,checkout,Zamówienie - Ceneo,RAGE_CLICK,3,0.0,rapid,True,False,False,True,3,3,3,2,0,1,0,COUPON_INVALID,Kod rabatowy jest nieprawidłowy,rage_click,,1,,,1449.0,Seria szybkich kliknięć w 'Zastosuj kod'.
evt_8d1fd19e36d54560928ee03e2c7cb520,sess_0000_1a3d1fa7,16,2026-10-03T09:29:26.506000Z,usr_21395,anon_8b9d2434e465,checkout,Zamówienie - Ceneo,RAGE_CLICK,3,0.0,rapid,True,False,False,True,4,4,4,3,0,1,0,COUPON_INVALID,Kod rabatowy jest nieprawidłowy,rage_click,,1,,,1449.0,Seria szybkich kliknięć w 'Zastosuj kod'.
evt_cd2bca0909a649e7b78ac088f7c48e28,sess_0000_1a3d1fa7,17,2026-10-03T09:29:26.606000Z,usr_21395,anon_8b9d2434e465,checkout,Zamówienie - Ceneo,RAGE_CLICK,4,0.0,rapid,True,False,False,True,5,5,5,4,0,1,0,COUPON_INVALID,Kod rabatowy jest nieprawidłowy,rage_click,,1,,,1449.0,Seria szybkich kliknięć w 'Zastosuj kod'.
evt_329763db98b145da8f6bacd594b8fa53,sess_0000_1a3d1fa7,18,2026-10-03T09:29:26.775000Z,usr_21395,anon_8b9d2434e465,checkout,Zamówienie - Ceneo,RAGE_CLICK,4,0.0,rapid,True,False,False,True,6,6,6,5,0,1,0,COUPON_INVALID,Kod rabatowy jest nieprawidłowy,rage_click,,1,,,1449.0,Seria szybkich kliknięć w 'Zastosuj kod'.
evt_5770da0ed8de46e0ad7914e41487dac3,sess_0000_1a3d1fa7,19,2026-10-03T09:29:27.510000Z,usr_21395,anon_8b9d2434e465,checkout,Zamówienie - Ceneo,DEAD_CLICK,4,1.0,normal,False,True,False,True,7,7,7,5,1,1,0,COUPON_INVALID,Kod rabatowy jest nieprawidłowy,rage_click,,1,,,1449.0,Kliknięcie w nieaktywny element banner_promo_static.
evt_0c3ec861eec44d04821f58b60952279c,sess_0000_1a3d1fa7,20,2026-10-03T09:29:30.664000Z,usr_21395,anon_8b9d2434e465,checkout,Zamówienie - Ceneo,FORM_INPUT,8,3.0,normal,False,False,False,False,7,7,0,5,1,1,0,COUPON_INVALID,Kod rabatowy jest nieprawidłowy,rage_click,,1,Nothing Phone (2a) 256GB,1449.0,1449.0,Wpisano wartość w pole coupon_code.
evt_626634117b9f438cbee45d7477a2afeb,sess_0000_1a3d1fa7,21,2026-10-03T09:29:31.459000Z,usr_21395,anon_8b9d2434e465,checkout,Zamówienie - Ceneo,RAGE_CLICK,8,1.0,normal,True,False,False,True,8,8,1,6,1,1,0,COUPON_INVALID,Kod rabatowy jest nieprawidłowy,rage_click,,1,,,1449.0,Seria szybkich kliknięć w 'Zastosuj kod'.
evt_d1058cfe1082450591bd43c1c1fc6fac,sess_0000_1a3d1fa7,22,2026-10-03T09:29:31.659000Z,usr_21395,anon_8b9d2434e465,checkout,Zamówienie - Ceneo,FORM_ERROR,9,0.0,rapid,False,False,False,True,9,9,2,6,1,2,0,COUPON_EXPIRED,Kod wygasł 30 dni temu,rage_click,,1,Nothing Phone (2a) 256GB,1449.0,1449.0,Błąd formularza COUPON_EXPIRED: Kod wygasł 30 dni temu.
evt_724984590f464437acca27342182f926,sess_0000_1a3d1fa7,23,2026-10-03T09:29:31.761000Z,usr_21395,anon_8b9d2434e465,checkout,Zamówienie - Ceneo,RAGE_CLICK,9,0.0,rapid,True,False,False,True,10,10,3,7,1,2,0,COUPON_EXPIRED,Kod wygasł 30 dni temu,rage_click,,1,,,1449.0,Seria szybkich kliknięć w 'Zastosuj kod'.
evt_52c056bb8355431992c9cee0ffc6ffb5,sess_0000_1a3d1fa7,24,2026-10-03T09:29:31.932000Z,usr_21395,anon_8b9d2434e465,checkout,Zamówienie - Ceneo,RAGE_CLICK,9,0.0,rapid,True,False,False,True,11,11,4,8,1,2,0,COUPON_EXPIRED,Kod wygasł 30 dni temu,rage_click,,1,,,1449.0,Seria szybkich kliknięć w 'Zastosuj kod'.
evt_d29a2e9a2f3143aa9af8c870fb543395,sess_0000_1a3d1fa7,25,2026-10-03T09:29:32.067000Z,usr_21395,anon_8b9d2434e465,checkout,Zamówienie - Ceneo,RAGE_CLICK,9,0.0,rapid,True,False,False,True,12,12,5,9,1,2,0,COUPON_EXPIRED,Kod wygasł 30 dni temu,rage_click,,1,,,1449.0,Seria szybkich kliknięć w 'Zastosuj kod'.
evt_7dd1de7e8f374ccc80f8798f6a85b8d3,sess_0000_1a3d1fa7,26,2026-10-03T09:29:32.244000Z,usr_21395,anon_8b9d2434e465,checkout,Zamówienie - Ceneo,RAGE_CLICK,9,0.0,rapid,True,False,False,True,13,13,6,10,1,2,0,COUPON_EXPIRED,Kod wygasł 30 dni temu,rage_click,,1,,,1449.0,Seria szybkich kliknięć w 'Zastosuj kod'.
evt_90c8d723b3664c54adf3cf6be1d181e6,sess_0000_1a3d1fa7,27,2026-10-03T09:29:35.537000Z,usr_21395,anon_8b9d2434e465,checkout,Zamówienie - Ceneo,FORM_INPUT,12,3.0,normal,False,False,False,False,13,13,0,10,1,2,0,COUPON_EXPIRED,Kod wygasł 30 dni temu,rage_click,,1,Nothing Phone (2a) 256GB,1449.0,1449.0,Wpisano wartość w pole coupon_code.
evt_171fe98507964d6bb959a087d9a4b936,sess_0000_1a3d1fa7,28,2026-10-03T09:29:36.020000Z,usr_21395,anon_8b9d2434e465,checkout,Zamówienie - Ceneo,RAGE_CLICK,13,0.0,rapid,True,False,False,True,14,14,1,11,1,2,0,COUPON_EXPIRED,Kod wygasł 30 dni temu,rage_click,,1,,,1449.0,Seria szybkich kliknięć w 'Zastosuj kod'.
evt_d4956baaae274f958f12adf3fbf07c2e,sess_0000_1a3d1fa7,29,2026-10-03T09:29:36.297000Z,usr_21395,anon_8b9d2434e465,checkout,Zamówienie - Ceneo,FORM_ERROR,13,0.0,rapid,False,False,False,True,15,15,2,11,1,3,0,COUPON_INVALID,Kod rabatowy jest nieprawidłowy,rage_click,,1,Nothing Phone (2a) 256GB,1449.0,1449.0,Błąd formularza COUPON_INVALID: Kod rabatowy jest nieprawidłowy.
evt_47dc255731564da1bf147c60a1774720,sess_0000_1a3d1fa7,30,2026-10-03T09:29:36.468000Z,usr_21395,anon_8b9d2434e465,checkout,Zamówienie - Ceneo,RAGE_CLICK,13,0.0,rapid,True,False,False,True,16,16,3,12,1,3,0,COUPON_INVALID,Kod rabatowy jest nieprawidłowy,rage_click,,1,,,1449.0,Seria szybkich kliknięć w 'Zastosuj kod'.
evt_83ada9e246a541b99190a283c44387c7,sess_0000_1a3d1fa7,31,2026-10-03T09:29:36.599000Z,usr_21395,anon_8b9d2434e465,checkout,Zamówienie - Ceneo,RAGE_CLICK,14,0.0,rapid,True,False,False,True,17,17,4,13,1,3,0,COUPON_INVALID,Kod rabatowy jest nieprawidłowy,rage_click,,1,,,1449.0,Seria szybkich kliknięć w 'Zastosuj kod'.
evt_9c828a86003c492d9e84d558a58ef786,sess_0000_1a3d1fa7,32,2026-10-03T09:29:36.729000Z,usr_21395,anon_8b9d2434e465,checkout,Zamówienie - Ceneo,RAGE_CLICK,14,0.0,rapid,True,False,False,True,18,18,5,14,1,3,0,COUPON_INVALID,Kod rabatowy jest nieprawidłowy,rage_click,,1,,,1449.0,Seria szybkich kliknięć w 'Zastosuj kod'.
evt_9794ca956f8e49f2b5acc8018e7cb895,sess_0000_1a3d1fa7,33,2026-10-03T09:29:36.846000Z,usr_21395,anon_8b9d2434e465,checkout,Zamówienie - Ceneo,RAGE_CLICK,14,0.0,rapid,True,False,False,True,19,19,6,15,1,3,0,COUPON_INVALID,Kod rabatowy jest nieprawidłowy,rage_click,,1,,,1449.0,Seria szybkich kliknięć w 'Zastosuj kod'.
evt_0ac8d2a6e65648b9af9a76049e4adbb0,sess_0000_1a3d1fa7,34,2026-10-03T09:29:39.468000Z,usr_21395,anon_8b9d2434e465,checkout,Zamówienie - Ceneo,CART_ABANDON_EXIT,16,3.0,normal,False,False,True,True,19,19,0,15,1,3,0,COUPON_INVALID,Kod rabatowy jest nieprawidłowy,rage_click,,1,Nothing Phone (2a) 256GB,1449.0,1449.0,Próba opuszczenia koszyka / kasy.
evt_99dd54ee99094bf3950e0fa6d3b5f54c,sess_0001_bf3c4c06,1,2026-10-03T09:40:16.424000Z,usr_62350,anon_956269f0e5d7,home,Ceneo - porównywarka cen,PAGE_VIEW,0,,normal,False,False,False,False,0,0,0,0,0,0,0,,,,,0,,,,Otwarto stronę Ceneo - porównywarka cen.
evt_edb0f474a21d4640b7c1894767227c3f,sess_0001_bf3c4c06,2,2026-10-03T09:40:18.667000Z,usr_62350,anon_956269f0e5d7,home,Ceneo - porównywarka cen,SCROLL,2,2.0,normal,False,False,False,False,0,0,0,0,0,0,0,,,,,0,,,,Przewinięto stronę 'Ceneo - porównywarka cen' do 306px.
evt_8f73accd54374fd6b8361bfbdaf22d2d,sess_0001_bf3c4c06,3,2026-10-03T09:40:19.615000Z,usr_62350,anon_956269f0e5d7,search,Szukaj: tani ajfon - Ceneo,SEARCH_NO_RESULTS,3,1.0,normal,False,False,False,True,1,1,1,0,0,0,1,,,no_search_results,,0,,,,"Wyszukiwanie ""tani ajfon"" nie zwróciło wyników."
evt_503d7bd181b34de0888769b14746598b,sess_0001_bf3c4c06,4,2026-10-03T09:40:19.615000Z,usr_62350,anon_956269f0e5d7,search,Szukaj: tani ajfon - Ceneo,PAGE_VIEW,0,0.0,rapid,False,False,False,False,1,1,0,0,0,0,1,,,no_search_results,,0,,,,Otwarto stronę Szukaj: tani ajfon - Ceneo.
evt_93f02ca0715b4d2fa17bb32cd14c3b31,sess_0001_bf3c4c06,5,2026-10-03T09:40:21.342000Z,usr_62350,anon_956269f0e5d7,search,Szukaj: tani iphone 12 - Ceneo,SEARCH_NO_RESULTS,2,2.0,normal,False,False,False,True,2,2,1,0,0,0,2,,,no_search_results,,0,,,,"Wyszukiwanie ""tani iphone 12"" nie zwróciło wyników."
evt_9426bd3d4d9342469e3dd6550d3b3db7,sess_0001_bf3c4c06,6,2026-10-03T09:40:21.342000Z,usr_62350,anon_956269f0e5d7,search,Szukaj: tani iphone 12 - Ceneo,PAGE_VIEW,0,0.0,rapid,False,False,False,False,2,2,0,0,0,0,2,,,no_search_results,,0,,,,Otwarto stronę Szukaj: tani iphone 12 - Ceneo.
evt_0b8edfd5830c43988c6d7a215ab97fff,sess_0001_bf3c4c06,7,2026-10-03T09:40:24.006000Z,usr_62350,anon_956269f0e5d7,search,Szukaj: tani iphone 12 - Ceneo,CLICK,3,3.0,normal,False,False,False,False,2,2,0,0,0,0,2,,,no_search_results,,0,,,,Kliknięto 'Szukaj' na stronie Szukaj: tani iphone 12 - Ceneo.
evt_df5b7eaa936b481e8b269990984b0ee2,sess_0001_bf3c4c06,8,2026-10-03T09:40:24.438000Z,usr_62350,anon_956269f0e5d7,search,Szukaj: ajfon 15 tanio - Ceneo,SEARCH_NO_RESULTS,3,0.0,rapid,False,False,False,True,3,3,1,0,0,0,3,,,no_search_results,,0,,,,"Wyszukiwanie ""ajfon 15 tanio"" nie zwróciło wyników."
evt_b512354ef15b4b65b57f99da3e07d385,sess_0001_bf3c4c06,9,2026-10-03T09:40:24.438000Z,usr_62350,anon_956269f0e5d7,search,Szukaj: ajfon 15 tanio - Ceneo,PAGE_VIEW,0,0.0,rapid,False,False,False,False,3,3,0,0,0,0,3,,,no_search_results,,0,,,,Otwarto stronę Szukaj: ajfon 15 tanio - Ceneo.
evt_b11db643d0cc49bea34496df21f6a677,sess_0001_bf3c4c06,10,2026-10-03T09:40:27.858000Z,usr_62350,anon_956269f0e5d7,search,Szukaj: ajfon 15 tanio - Ceneo,EXIT_INTENT,3,3.0,normal,False,False,True,True,3,3,0,0,0,0,3,,,no_search_results,,0,,,,Kursor opuścił viewport u góry okna (sygnał wyjścia).
evt_780317df729c49329a42cd21086ed8cf,sess_0002_e2817efd,1,2026-10-03T09:48:51.314000Z,usr_94012,anon_c4c2e2e3444e,home,Ceneo - porównywarka cen,PAGE_VIEW,0,,normal,False,False,False,False,0,0,0,0,0,0,0,,,,,0,,,,Otwarto stronę Ceneo - porównywarka cen.
evt_2f0a191b3a89494789eeb8ba8ec9ed46,sess_0002_e2817efd,2,2026-10-03T09:48:53.404000Z,usr_94012,anon_c4c2e2e3444e,home,Ceneo - porównywarka cen,SCROLL,2,2.0,normal,False,False,False,False,0,0,0,0,0,0,0,,,,,0,,,,Przewinięto stronę 'Ceneo - porównywarka cen' do 220px.
evt_529a669196d544a78b96af66e974ba2f,sess_0002_e2817efd,3,2026-10-03T09:48:54.307000Z,usr_94012,anon_c4c2e2e3444e,search,Szukaj: tani ajfon - Ceneo,SEARCH_NO_RESULTS,3,1.0,normal,False,False,False,True,1,1,1,0,0,0,1,,,no_search_results,,0,,,,"Wyszukiwanie ""tani ajfon"" nie zwróciło wyników."
evt_ac6f47e5b9dc48a787aa0731e26d897f,sess_0002_e2817efd,4,2026-10-03T09:48:54.307000Z,usr_94012,anon_c4c2e2e3444e,search,Szukaj: tani ajfon - Ceneo,PAGE_VIEW,0,0.0,rapid,False,False,False,False,1,1,0,0,0,0,1,,,no_search_results,,0,,,,Otwarto stronę Szukaj: tani ajfon - Ceneo.
evt_2dc5607a8b0f473bb7440806713dd630,sess_0002_e2817efd,5,2026-10-03T09:48:56.246000Z,usr_94012,anon_c4c2e2e3444e,search,Szukaj: tani iphone 12 - Ceneo,SEARCH_NO_RESULTS,2,2.0,normal,False,False,False,True,2,2,1,0,0,0,2,,,no_search_results,,0,,,,"Wyszukiwanie ""tani iphone 12"" nie zwróciło wyników."
evt_e85b225bccb84d0a8a21de9a7646053c,sess_0002_e2817efd,6,2026-10-03T09:48:56.246000Z,usr_94012,anon_c4c2e2e3444e,search,Szukaj: tani iphone 12 - Ceneo,PAGE_VIEW,0,0.0,rapid,False,False,False,False,2,2,0,0,0,0,2,,,no_search_results,,0,,,,Otwarto stronę Szukaj: tani iphone 12 - Ceneo.
evt_ddf7e9534666489ba3aa870daf3043f4,sess_0002_e2817efd,7,2026-10-03T09:48:58.411000Z,usr_94012,anon_c4c2e2e3444e,search,Szukaj: tani iphone 12 - Ceneo,CLICK,2,2.0,normal,False,False,False,False,2,2,0,0,0,0,2,,,no_search_results,,0,,,,Kliknięto 'Szukaj' na stronie Szukaj: tani iphone 12 - Ceneo.
evt_add6120830f54d8a9bf748977a25c1fb,sess_0002_e2817efd,8,2026-10-03T09:48:58.865000Z,usr_94012,anon_c4c2e2e3444e,search,Szukaj: ajfon 15 tanio - Ceneo,SEARCH_NO_RESULTS,3,0.0,rapid,False,False,False,True,3,3,1,0,0,0,3,,,no_search_results,,0,,,,"Wyszukiwanie ""ajfon 15 tanio"" nie zwróciło wyników."
evt_f2f4638399d4431a9ef09167da3e468d,sess_0002_e2817efd,9,2026-10-03T09:48:58.865000Z,usr_94012,anon_c4c2e2e3444e,search,Szukaj: ajfon 15 tanio - Ceneo,PAGE_VIEW,0,0.0,rapid,False,False,False,False,3,3,0,0,0,0,3,,,no_search_results,,0,,,,Otwarto stronę Szukaj: ajfon 15 tanio - Ceneo.
evt_8ed637fcec704c75a7c660028ec21a90,sess_0002_e2817efd,10,2026-10-03T09:49:02.788000Z,usr_94012,anon_c4c2e2e3444e,search,Szukaj: ajfon 15 tanio - Ceneo,EXIT_INTENT,4,4.0,normal,False,False,True,True,3,3,0,0,0,0,3,,,no_search_results,,0,,,,Kursor opuścił viewport u góry okna (sygnał wyjścia).
evt_7c345b4f264744729020e61b6a36ceea,sess_0003_ec24a3c5,1,2026-10-03T10:02:03.700000Z,,anon_99546eb40025,home,Ceneo - porównywarka cen,PAGE_VIEW,0,,normal,False,False,False,False,0,0,0,0,0,0,0,,,,,0,,,,Otwarto stronę Ceneo - porównywarka cen.
evt_69f1c9373c00420db0599d53836dbb70,sess_0003_ec24a3c5,2,2026-10-03T10:02:05.129000Z,,anon_99546eb40025,home,Ceneo - porównywarka cen,SCROLL,1,1.0,normal,False,False,False,False,0,0,0,0,0,0,0,,,,,0,,,,Przewinięto stronę 'Ceneo - porównywarka cen' do 417px.
evt_0fd7647abcba404288046a35d57eca73,sess_0003_ec24a3c5,3,2026-10-03T10:02:06.343000Z,,anon_99546eb40025,search,Szukaj: tani ajfon - Ceneo,SEARCH_NO_RESULTS,3,1.0,normal,False,False,False,True,1,1,1,0,0,0,1,,,no_search_results,,0,,,,"Wyszukiwanie ""tani ajfon"" nie zwróciło wyników."
evt_b8f3cf366ee74c12afd53c75526effc6,sess_0003_ec24a3c5,4,2026-10-03T10:02:06.343000Z,,anon_99546eb40025,search,Szukaj: tani ajfon - Ceneo,PAGE_VIEW,0,0.0,rapid,False,False,False,False,1,1,0,0,0,0,1,,,no_search_results,,0,,,,Otwarto stronę Szukaj: tani ajfon - Ceneo.
evt_42ad471f90994a429049b2e1c26f57c3,sess_0003_ec24a3c5,5,2026-10-03T10:02:08.236000Z,,anon_99546eb40025,search,Szukaj: tani iphone 12 - Ceneo,SEARCH_NO_RESULTS,2,2.0,normal,False,False,False,True,2,2,1,0,0,0,2,,,no_search_results,,0,,,,"Wyszukiwanie ""tani iphone 12"" nie zwróciło wyników."
evt_37bc6bf16c9944e6b082fccbdad1a9b0,sess_0003_ec24a3c5,6,2026-10-03T10:02:08.236000Z,,anon_99546eb40025,search,Szukaj: tani iphone 12 - Ceneo,PAGE_VIEW,0,0.0,rapid,False,False,False,False,2,2,0,0,0,0,2,,,no_search_results,,0,,,,Otwarto stronę Szukaj: tani iphone 12 - Ceneo.
evt_aebcc3e9726e4576946df4bb3eb53fcf,sess_0003_ec24a3c5,7,2026-10-03T10:02:10.211000Z,,anon_99546eb40025,search,Szukaj: tani iphone 12 - Ceneo,CLICK,2,2.0,normal,False,False,False,False,2,2,0,0,0,0,2,,,no_search_results,,0,,,,Kliknięto 'Szukaj' na stronie Szukaj: tani iphone 12 - Ceneo.
evt_8b8745bb89e346dd94708c2b977915c7,sess_0003_ec24a3c5,8,2026-10-03T10:02:10.859000Z,,anon_99546eb40025,search,Szukaj: ajfon 15 tanio - Ceneo,SEARCH_NO_RESULTS,3,1.0,normal,False,False,False,True,3,3,1,0,0,0,3,,,no_search_results,,0,,,,"Wyszukiwanie ""ajfon 15 tanio"" nie zwróciło wyników."
evt_551c257b8bb24de3a54b56d07db88dea,sess_0003_ec24a3c5,9,2026-10-03T10:02:10.859000Z,,anon_99546eb40025,search,Szukaj: ajfon 15 tanio - Ceneo,PAGE_VIEW,0,0.0,rapid,False,False,False,False,3,3,0,0,0,0,3,,,no_search_results,,0,,,,Otwarto stronę Szukaj: ajfon 15 tanio - Ceneo.
evt_21035d5250ea4419871a80bb9cf8a218,sess_0003_ec24a3c5,10,2026-10-03T10:02:14.149000Z,,anon_99546eb40025,search,Szukaj: ajfon 15 tanio - Ceneo,EXIT_INTENT,3,3.0,normal,False,False,True,True,3,3,0,0,0,0,3,,,no_search_results,,0,,,,Kursor opuścił viewport u góry okna (sygnał wyjścia).
evt_e8e47da2f97b4321a02c8bbced309dd1,sess_0004_6c52c49f,1,2026-10-03T10:16:33.519000Z,usr_36365,anon_8a0f4efbedcd,home,Ceneo - porównywarka cen,PAGE_VIEW,0,,normal,False,False,False,False,0,0,0,0,0,0,0,,,,,0,,,,Otwarto stronę Ceneo - porównywarka cen.
evt_5b5d7db7e4bf43b3b62d5b4f306a3608,sess_0004_6c52c49f,2,2026-10-03T10:16:36.094000Z,usr_36365,anon_8a0f4efbedcd,home,Ceneo - porównywarka cen,SCROLL,3,3.0,normal,False,False,False,False,0,0,0,0,0,0,0,,,,,0,,,,Przewinięto stronę 'Ceneo - porównywarka cen' do 346px.
evt_419a4c8636c8472bbc67c93c7dbf49da,sess_0004_6c52c49f,3,2026-10-03T10:16:37.815000Z,usr_36365,anon_8a0f4efbedcd,search,Szukaj: nothing phone 2a - Ceneo,SEARCH_QUERY,4,2.0,normal,False,False,False,False,0,0,0,0,0,0,0,,,,,0,,,,"Wyszukano ""nothing phone 2a"" (6 wyników)."
evt_1e46c0cad8f3450b955650902dab7616,sess_0004_6c52c49f,4,2026-10-03T10:16:37.815000Z,usr_36365,anon_8a0f4efbedcd,search,Szukaj: nothing phone 2a - Ceneo,PAGE_VIEW,0,0.0,rapid,False,False,False,False,0,0,0,0,0,0,0,,,,,0,,,,Otwarto stronę Szukaj: nothing phone 2a - Ceneo.
evt_27b8c7c86e4740e4b740babeff278415,sess_0004_6c52c49f,5,2026-10-03T10:16:41.330000Z,usr_36365,anon_8a0f4efbedcd,search,Szukaj: nothing phone 2a - Ceneo,PRICE_COMPARISON_CLICK,4,4.0,normal,False,False,False,False,0,0,0,0,0,0,0,,,,,0,Xiaomi Redmi Note 13 Pro 256GB,1299.0,,Kliknięto ofertę Xiaomi Redmi Note 13 Pro 256GB.
evt_0441c116e42e4acf856d0d43cce82a24,sess_0004_6c52c49f,6,2026-10-03T10:16:41.640000Z,usr_36365,anon_8a0f4efbedcd,product_details,Xiaomi Redmi Note 13 Pro 256GB - Ceneo,PRODUCT_INSPECT,0,0.0,rapid,False,False,False,False,0,0,0,0,0,0,0,,,,,1,Xiaomi Redmi Note 13 Pro 256GB,1299.0,,Wejście w produkt Xiaomi Redmi Note 13 Pro 256GB.
evt_812d7ffe43c74dc9a2f8c3cffe3c23af,sess_0004_6c52c49f,7,2026-10-03T10:16:47.908000Z,usr_36365,anon_8a0f4efbedcd,product_details,Xiaomi Redmi Note 13 Pro 256GB - Ceneo,CLICK,6,6.0,normal,False,False,False,False,0,0,0,0,0,0,0,,,,,1,Xiaomi Redmi Note 13 Pro 256GB,1299.0,,Kliknięto 'Dodaj do koszyka' na stronie Xiaomi Redmi Note 13 Pro 256GB - Ceneo.
evt_c674e880347d4417ad8d5be515a462bc,sess_0004_6c52c49f,8,2026-10-03T10:16:48.220000Z,usr_36365,anon_8a0f4efbedcd,product_details,Xiaomi Redmi Note 13 Pro 256GB - Ceneo,ADD_TO_CART,7,0.0,rapid,False,False,False,False,0,0,0,0,0,0,0,,,,,1,Xiaomi Redmi Note 13 Pro 256GB,1299.0,1299.0,Dodano do koszyka: Xiaomi Redmi Note 13 Pro 256GB.
evt_3b6dc1f13f5144b5998c2a49ee6d025f,sess_0004_6c52c49f,9,2026-10-03T10:16:48.892000Z,usr_36365,anon_8a0f4efbedcd,cart,Koszyk - Ceneo,CART_VIEW,0,1.0,normal,False,False,False,False,0,0,0,0,0,0,0,,,,,1,Xiaomi Redmi Note 13 Pro 256GB,1299.0,1299.0,CART_VIEW na stronie Koszyk - Ceneo.
evt_a39b0e543ccd402287ca3b0593d4284c,sess_0004_6c52c49f,10,2026-10-03T10:16:51.684000Z,usr_36365,anon_8a0f4efbedcd,cart,Koszyk - Ceneo,CLICK,3,3.0,normal,False,False,False,False,0,0,0,0,0,0,0,,,,,1,,,1299.0,Kliknięto 'Przejdź do kasy' na stronie Koszyk - Ceneo.
evt_ddd90051536d40b2b0c0c41bebebed8f,sess_0004_6c52c49f,11,2026-10-03T10:16:52.201000Z,usr_36365,anon_8a0f4efbedcd,checkout,Zamówienie - Ceneo,CHECKOUT_START,0,1.0,normal,False,False,False,False,0,0,0,0,0,0,0,,,,,1,Xiaomi Redmi Note 13 Pro 256GB,1299.0,1299.0,CHECKOUT_START na stronie Zamówienie - Ceneo.
evt_601a5cb168da4a928ba1f6a9c913d056,sess_0004_6c52c49f,12,2026-10-03T10:16:54.065000Z,usr_36365,anon_8a0f4efbedcd,checkout,Zamówienie - Ceneo,FORM_INPUT,2,2.0,normal,False,False,False,False,0,0,0,0,0,0,0,,,,,1,Xiaomi Redmi Note 13 Pro 256GB,1299.0,1299.0,Wpisano wartość w pole coupon_code.
evt_9eb7aec9cb0b47cb901ce8b74100bfbc,sess_0004_6c52c49f,13,2026-10-03T10:16:54.501000Z,usr_36365,anon_8a0f4efbedcd,checkout,Zamówienie - Ceneo,RAGE_CLICK,2,0.0,rapid,True,False,False,True,1,1,1,1,0,0,0,,,rage_click,,1,,,1299.0,Seria szybkich kliknięć w 'Zastosuj kod'.
evt_069d4159870341228f30190dbc669238,sess_0004_6c52c49f,14,2026-10-03T10:16:54.741000Z,usr_36365,anon_8a0f4efbedcd,checkout,Zamówienie - Ceneo,FORM_ERROR,3,0.0,rapid,False,False,False,True,2,2,2,1,0,1,0,COUPON_INVALID,Kod rabatowy jest nieprawidłowy,rage_click,,1,Xiaomi Redmi Note 13 Pro 256GB,1299.0,1299.0,Błąd formularza COUPON_INVALID: Kod rabatowy jest nieprawidłowy.
evt_28e66e4720c6451f9165f8b4ace577aa,sess_0004_6c52c49f,15,2026-10-03T10:16:54.916000Z,usr_36365,anon_8a0f4efbedcd,checkout,Zamówienie - Ceneo,RAGE_CLICK,3,0.0,rapid,True,False,False,True,3,3,3,2,0,1,0,COUPON_INVALID,Kod rabatowy jest nieprawidłowy,rage_click,,1,,,1299.0,Seria szybkich kliknięć w 'Zastosuj kod'.
evt_156f091b77814586a0688623075e4dd2,sess_0004_6c52c49f,16,2026-10-03T10:16:55.022000Z,usr_36365,anon_8a0f4efbedcd,checkout,Zamówienie - Ceneo,RAGE_CLICK,3,0.0,rapid,True,False,False,True,4,4,4,3,0,1,0,COUPON_INVALID,Kod rabatowy jest nieprawidłowy,rage_click,,1,,,1299.0,Seria szybkich kliknięć w 'Zastosuj kod'.
evt_baab32e0a9484aa1ad0c563a6f064e70,sess_0004_6c52c49f,17,2026-10-03T10:16:55.172000Z,usr_36365,anon_8a0f4efbedcd,checkout,Zamówienie - Ceneo,RAGE_CLICK,3,0.0,rapid,True,False,False,True,5,5,5,4,0,1,0,COUPON_INVALID,Kod rabatowy jest nieprawidłowy,rage_click,,1,,,1299.0,Seria szybkich kliknięć w 'Zastosuj kod'.
evt_dab65463b89f466d8dd00b0c3e9f21a0,sess_0004_6c52c49f,18,2026-10-03T10:16:55.274000Z,usr_36365,anon_8a0f4efbedcd,checkout,Zamówienie - Ceneo,RAGE_CLICK,3,0.0,rapid,True,False,False,True,6,6,6,5,0,1,0,COUPON_INVALID,Kod rabatowy jest nieprawidłowy,rage_click,,1,,,1299.0,Seria szybkich kliknięć w 'Zastosuj kod'.
evt_50ccba0a80384613a767526bc3d73a01,sess_0004_6c52c49f,19,2026-10-03T10:16:56.184000Z,usr_36365,anon_8a0f4efbedcd,checkout,Zamówienie - Ceneo,DEAD_CLICK,4,1.0,normal,False,True,False,True,7,7,7,5,1,1,0,COUPON_INVALID,Kod rabatowy jest nieprawidłowy,rage_click,,1,,,1299.0,Kliknięcie w nieaktywny element banner_promo_static.
evt_64abe2a657a243aa9f1d711f0e34ce1b,sess_0004_6c52c49f,20,2026-10-03T10:16:59.477000Z,usr_36365,anon_8a0f4efbedcd,checkout,Zamówienie - Ceneo,FORM_INPUT,7,3.0,normal,False,False,False,False,7,7,0,5,1,1,0,COUPON_INVALID,Kod rabatowy jest nieprawidłowy,rage_click,,1,Xiaomi Redmi Note 13 Pro 256GB,1299.0,1299.0,Wpisano wartość w pole coupon_code.
evt_663b7d4660e34efa9806b9dcba9d43e9,sess_0004_6c52c49f,21,2026-10-03T10:17:00.221000Z,usr_36365,anon_8a0f4efbedcd,checkout,Zamówienie - Ceneo,RAGE_CLICK,8,1.0,normal,True,False,False,True,8,8,1,6,1,1,0,COUPON_INVALID,Kod rabatowy jest nieprawidłowy,rage_click,,1,,,1299.0,Seria szybkich kliknięć w 'Zastosuj kod'.
evt_4d70f8e90b4b4d8ca411a5147e29837b,sess_0004_6c52c49f,22,2026-10-03T10:17:00.566000Z,usr_36365,anon_8a0f4efbedcd,checkout,Zamówienie - Ceneo,FORM_ERROR,8,0.0,rapid,False,False,False,True,9,9,2,6,1,2,0,COUPON_EXPIRED,Kod wygasł 30 dni temu,rage_click,,1,Xiaomi Redmi Note 13 Pro 256GB,1299.0,1299.0,Błąd formularza COUPON_EXPIRED: Kod wygasł 30 dni temu.
evt_b0f0871a3d1e4b00a731d732b71ee5c6,sess_0004_6c52c49f,23,2026-10-03T10:17:00.663000Z,usr_36365,anon_8a0f4efbedcd,checkout,Zamówienie - Ceneo,RAGE_CLICK,8,0.0,rapid,True,False,False,True,10,10,3,7,1,2,0,COUPON_EXPIRED,Kod wygasł 30 dni temu,rage_click,,1,,,1299.0,Seria szybkich kliknięć w 'Zastosuj kod'.
evt_c27af4cc6e734ae2b7b16254908facff,sess_0004_6c52c49f,24,2026-10-03T10:17:00.784000Z,usr_36365,anon_8a0f4efbedcd,checkout,Zamówienie - Ceneo,RAGE_CLICK,9,0.0,rapid,True,False,False,True,11,11,4,8,1,2,0,COUPON_EXPIRED,Kod wygasł 30 dni temu,rage_click,,1,,,1299.0,Seria szybkich kliknięć w 'Zastosuj kod'.
evt_314475a5eeca40258620f598d4aa6e96,sess_0004_6c52c49f,25,2026-10-03T10:17:00.931000Z,usr_36365,anon_8a0f4efbedcd,checkout,Zamówienie - Ceneo,RAGE_CLICK,9,0.0,rapid,True,False,False,True,12,12,5,9,1,2,0,COUPON_EXPIRED,Kod wygasł 30 dni temu,rage_click,,1,,,1299.0,Seria szybkich kliknięć w 'Zastosuj kod'.
evt_8252fc145936462b84723e02e5e03013,sess_0004_6c52c49f,26,2026-10-03T10:17:01.056000Z,usr_36365,anon_8a0f4efbedcd,checkout,Zamówienie - Ceneo,RAGE_CLICK,9,0.0,rapid,True,False,False,True,13,13,6,10,1,2,0,COUPON_EXPIRED,Kod wygasł 30 dni temu,rage_click,,1,,,1299.0,Seria szybkich kliknięć w 'Zastosuj kod'.
evt_0799402874ff440b9fd0a71c9787c34e,sess_0004_6c52c49f,27,2026-10-03T10:17:03.763000Z,usr_36365,anon_8a0f4efbedcd,checkout,Zamówienie - Ceneo,FORM_INPUT,12,3.0,normal,False,False,False,False,13,13,0,10,1,2,0,COUPON_EXPIRED,Kod wygasł 30 dni temu,rage_click,,1,Xiaomi Redmi Note 13 Pro 256GB,1299.0,1299.0,Wpisano wartość w pole coupon_code.
evt_2ec6585f00bd48ef94295f6640ac03aa,sess_0004_6c52c49f,28,2026-10-03T10:17:04.213000Z,usr_36365,anon_8a0f4efbedcd,checkout,Zamówienie - Ceneo,RAGE_CLICK,12,0.0,rapid,True,False,False,True,14,14,1,11,1,2,0,COUPON_EXPIRED,Kod wygasł 30 dni temu,rage_click,,1,,,1299.0,Seria szybkich kliknięć w 'Zastosuj kod'.
evt_bb1f95eefc5340739f856bfdd0e88f3a,sess_0004_6c52c49f,29,2026-10-03T10:17:04.559000Z,usr_36365,anon_8a0f4efbedcd,checkout,Zamówienie - Ceneo,FORM_ERROR,12,0.0,rapid,False,False,False,True,15,15,2,11,1,3,0,COUPON_INVALID,Kod rabatowy jest nieprawidłowy,rage_click,,1,Xiaomi Redmi Note 13 Pro 256GB,1299.0,1299.0,Błąd formularza COUPON_INVALID: Kod rabatowy jest nieprawidłowy.
evt_30c83ab194804d6e86b32d8b6a48a0d3,sess_0004_6c52c49f,30,2026-10-03T10:17:04.650000Z,usr_36365,anon_8a0f4efbedcd,checkout,Zamówienie - Ceneo,RAGE_CLICK,12,0.0,rapid,True,False,False,True,16,16,3,12,1,3,0,COUPON_INVALID,Kod rabatowy jest nieprawidłowy,rage_click,,1,,,1299.0,Seria szybkich kliknięć w 'Zastosuj kod'.
evt_fd0c72e869c24304b2c9e5c9afc0c74b,sess_0004_6c52c49f,31,2026-10-03T10:17:04.792000Z,usr_36365,anon_8a0f4efbedcd,checkout,Zamówienie - Ceneo,RAGE_CLICK,13,0.0,rapid,True,False,False,True,17,17,4,13,1,3,0,COUPON_INVALID,Kod rabatowy jest nieprawidłowy,rage_click,,1,,,1299.0,Seria szybkich kliknięć w 'Zastosuj kod'.
evt_8ed1aed98eee4a5fa25997f13bc5a264,sess_0004_6c52c49f,32,2026-10-03T10:17:04.933000Z,usr_36365,anon_8a0f4efbedcd,checkout,Zamówienie - Ceneo,RAGE_CLICK,13,0.0,rapid,True,False,False,True,18,18,5,14,1,3,0,COUPON_INVALID,Kod rabatowy jest nieprawidłowy,rage_click,,1,,,1299.0,Seria szybkich kliknięć w 'Zastosuj kod'.
evt_e98e289cf29f4843a4f5d49c0ec4ca51,sess_0004_6c52c49f,33,2026-10-03T10:17:05.023000Z,usr_36365,anon_8a0f4efbedcd,checkout,Zamówienie - Ceneo,RAGE_CLICK,13,0.0,rapid,True,False,False,True,19,19,6,15,1,3,0,COUPON_INVALID,Kod rabatowy jest nieprawidłowy,rage_click,,1,,,1299.0,Seria szybkich kliknięć w 'Zastosuj kod'.
evt_ec78ae261e8e4e02a31faeba05d9b235,sess_0004_6c52c49f,34,2026-10-03T10:17:07.554000Z,usr_36365,anon_8a0f4efbedcd,checkout,Zamówienie - Ceneo,CART_ABANDON_EXIT,15,3.0,normal,False,False,True,True,19,19,0,15,1,3,0,COUPON_INVALID,Kod rabatowy jest nieprawidłowy,rage_click,,1,Xiaomi Redmi Note 13 Pro 256GB,1299.0,1299.0,Próba opuszczenia koszyka / kasy.
evt_66d9f7b1d18f4d7f953b6dab649adb6f,sess_0005_309d258c,1,2026-10-03T10:32:19.755000Z,,anon_0ef8c2d6f7fd,home,Ceneo - porównywarka cen,PAGE_VIEW,0,,normal,False,False,False,False,0,0,0,0,0,0,0,,,,,0,,,,Otwarto stronę Ceneo - porównywarka cen.
evt_69b87b3da33447fd8e3ec8cd1e45ae17,sess_0005_309d258c,2,2026-10-03T10:32:22.486000Z,,anon_0ef8c2d6f7fd,home,Ceneo - porównywarka cen,SCROLL,3,3.0,normal,False,False,False,False,0,0,0,0,0,0,0,,,,,0,,,,Przewinięto stronę 'Ceneo - porównywarka cen' do 260px.
evt_1c0a75a2631647eba68bd0fab2e721c8,sess_0005_309d258c,3,2026-10-03T10:32:23.884000Z,,anon_0ef8c2d6f7fd,search,Szukaj: smartfon 256gb do 2000 - Ceneo,SEARCH_QUERY,4,1.0,normal,False,False,False,False,0,0,0,0,0,0,0,,,,,0,,,,"Wyszukano ""smartfon 256gb do 2000"" (42 wyników)."
evt_31fd83c627fe47df8ef7b39f390ce38d,sess_0005_309d258c,4,2026-10-03T10:32:23.884000Z,,anon_0ef8c2d6f7fd,search,Szukaj: smartfon 256gb do 2000 - Ceneo,PAGE_VIEW,0,0.0,rapid,False,False,False,False,0,0,0,0,0,0,0,,,,,0,,,,Otwarto stronę Szukaj: smartfon 256gb do 2000 - Ceneo.
evt_d47268e3928d4c0182057356f4c02799,sess_0005_309d258c,5,2026-10-03T10:32:27.028000Z,,anon_0ef8c2d6f7fd,search,Szukaj: smartfon 256gb do 2000 - Ceneo,PRICE_COMPARISON_CLICK,3,3.0,normal,False,False,False,False,0,0,0,0,0,0,0,,,,,0,Nothing Phone (2a) 256GB,1449.0,,Kliknięto ofertę Nothing Phone (2a) 256GB.
evt_70bf294527a1425aa7b0e8aaeb9963f3,sess_0005_309d258c,6,2026-10-03T10:32:27.423000Z,,anon_0ef8c2d6f7fd,product_details,Nothing Phone (2a) 256GB - Ceneo,PRODUCT_INSPECT,0,0.0,rapid,False,False,False,False,0,0,0,0,0,0,0,,,,,1,Nothing Phone (2a) 256GB,1449.0,,Wejście w produkt Nothing Phone (2a) 256GB.
evt_4c359aaf44f04de18191368a993722cb,sess_0005_309d258c,7,2026-10-03T10:32:33.860000Z,,anon_0ef8c2d6f7fd,product_details,Nothing Phone (2a) 256GB - Ceneo,CLICK,6,6.0,normal,False,False,False,False,0,0,0,0,0,0,0,,,,,1,Nothing Phone (2a) 256GB,1449.0,,Kliknięto 'Dodaj do koszyka' na stronie Nothing Phone (2a) 256GB - Ceneo.
evt_25022f8c27fc4903868697b6e1f4478f,sess_0005_309d258c,8,2026-10-03T10:32:34.180000Z,,anon_0ef8c2d6f7fd,product_details,Nothing Phone (2a) 256GB - Ceneo,ADD_TO_CART,7,0.0,rapid,False,False,False,False,0,0,0,0,0,0,0,,,,,1,Nothing Phone (2a) 256GB,1449.0,1449.0,Dodano do koszyka: Nothing Phone (2a) 256GB.
evt_7eeba85881ab41c6b154d78132c7b8ff,sess_0005_309d258c,9,2026-10-03T10:32:34.902000Z,,anon_0ef8c2d6f7fd,cart,Koszyk - Ceneo,CART_VIEW,0,1.0,normal,False,False,False,False,0,0,0,0,0,0,0,,,,,1,Nothing Phone (2a) 256GB,1449.0,1449.0,CART_VIEW na stronie Koszyk - Ceneo.
evt_98d4a3566b60447fb50a13f1833294e1,sess_0005_309d258c,10,2026-10-03T10:32:36.906000Z,,anon_0ef8c2d6f7fd,cart,Koszyk - Ceneo,CLICK,2,2.0,normal,False,False,False,False,0,0,0,0,0,0,0,,,,,1,,,1449.0,Kliknięto 'Przejdź do kasy' na stronie Koszyk - Ceneo.
evt_997c4813a721491db9585bb98c599d1c,sess_0005_309d258c,11,2026-10-03T10:32:37.610000Z,,anon_0ef8c2d6f7fd,checkout,Zamówienie - Ceneo,CHECKOUT_START,0,1.0,normal,False,False,False,False,0,0,0,0,0,0,0,,,,,1,Nothing Phone (2a) 256GB,1449.0,1449.0,CHECKOUT_START na stronie Zamówienie - Ceneo.
evt_c465cbf4537d488aa8ab2ef3cc435c94,sess_0005_309d258c,12,2026-10-03T10:32:40.678000Z,,anon_0ef8c2d6f7fd,checkout,Zamówienie - Ceneo,FORM_INPUT,3,3.0,normal,False,False,False,False,0,0,0,0,0,0,0,,,,,1,Nothing Phone (2a) 256GB,1449.0,1449.0,Wpisano wartość w pole coupon_code.
evt_5560fc024fbf43f485e6067c291c0d2e,sess_0005_309d258c,13,2026-10-03T10:32:41.292000Z,,anon_0ef8c2d6f7fd,checkout,Zamówienie - Ceneo,RAGE_CLICK,4,1.0,normal,True,False,False,True,1,1,1,1,0,0,0,,,rage_click,,1,,,1449.0,Seria szybkich kliknięć w 'Zastosuj kod'.
evt_54108bb51d18439ea93f285cd085ad75,sess_0005_309d258c,14,2026-10-03T10:32:41.621000Z,,anon_0ef8c2d6f7fd,checkout,Zamówienie - Ceneo,FORM_ERROR,4,0.0,rapid,False,False,False,True,2,2,2,1,0,1,0,COUPON_INVALID,Kod rabatowy jest nieprawidłowy,rage_click,,1,Nothing Phone (2a) 256GB,1449.0,1449.0,Błąd formularza COUPON_INVALID: Kod rabatowy jest nieprawidłowy.
evt_e5a41d6374cb492faa0862d7b860f8b1,sess_0005_309d258c,15,2026-10-03T10:32:41.777000Z,,anon_0ef8c2d6f7fd,checkout,Zamówienie - Ceneo,RAGE_CLICK,4,0.0,rapid,True,False,False,True,3,3,3,2,0,1,0,COUPON_INVALID,Kod rabatowy jest nieprawidłowy,rage_click,,1,,,1449.0,Seria szybkich kliknięć w 'Zastosuj kod'.
evt_744ec2447c3a4f45ad24bb1c1a5ed863,sess_0005_309d258c,16,2026-10-03T10:32:41.952000Z,,anon_0ef8c2d6f7fd,checkout,Zamówienie - Ceneo,RAGE_CLICK,4,0.0,rapid,True,False,False,True,4,4,4,3,0,1,0,COUPON_INVALID,Kod rabatowy jest nieprawidłowy,rage_click,,1,,,1449.0,Seria szybkich kliknięć w 'Zastosuj kod'.
evt_c6a60db1d1e8431ba05e724e21c88763,sess_0005_309d258c,17,2026-10-03T10:32:42.092000Z,,anon_0ef8c2d6f7fd,checkout,Zamówienie - Ceneo,RAGE_CLICK,4,0.0,rapid,True,False,False,True,5,5,5,4,0,1,0,COUPON_INVALID,Kod rabatowy jest nieprawidłowy,rage_click,,1,,,1449.0,Seria szybkich kliknięć w 'Zastosuj kod'.
evt_84a2f6a967d841cf8aa88d99b2449ca8,sess_0005_309d258c,18,2026-10-03T10:32:42.222000Z,,anon_0ef8c2d6f7fd,checkout,Zamówienie - Ceneo,RAGE_CLICK,5,0.0,rapid,True,False,False,True,6,6,6,5,0,1,0,COUPON_INVALID,Kod rabatowy jest nieprawidłowy,rage_click,,1,,,1449.0,Seria szybkich kliknięć w 'Zastosuj kod'.
evt_0c385077d7fe489fba75925e93bb34df,sess_0005_309d258c,19,2026-10-03T10:32:43.240000Z,,anon_0ef8c2d6f7fd,checkout,Zamówienie - Ceneo,DEAD_CLICK,6,1.0,normal,False,True,False,True,7,7,7,5,1,1,0,COUPON_INVALID,Kod rabatowy jest nieprawidłowy,rage_click,,1,,,1449.0,Kliknięcie w nieaktywny element banner_promo_static.
evt_9abc63b299ad4becb47a9fc78b410ea8,sess_0005_309d258c,20,2026-10-03T10:32:45.244000Z,,anon_0ef8c2d6f7fd,checkout,Zamówienie - Ceneo,FORM_INPUT,8,2.0,normal,False,False,False,False,7,7,0,5,1,1,0,COUPON_INVALID,Kod rabatowy jest nieprawidłowy,rage_click,,1,Nothing Phone (2a) 256GB,1449.0,1449.0,Wpisano wartość w pole coupon_code.
evt_8a389f1a971d43199e269dbb7dcb2c28,sess_0005_309d258c,21,2026-10-03T10:32:45.919000Z,,anon_0ef8c2d6f7fd,checkout,Zamówienie - Ceneo,RAGE_CLICK,8,1.0,normal,True,False,False,True,8,8,1,6,1,1,0,COUPON_INVALID,Kod rabatowy jest nieprawidłowy,rage_click,,1,,,1449.0,Seria szybkich kliknięć w 'Zastosuj kod'.
evt_b9984fa2313442d0bf0cb5823ff7cd1d,sess_0005_309d258c,22,2026-10-03T10:32:46.228000Z,,anon_0ef8c2d6f7fd,checkout,Zamówienie - Ceneo,FORM_ERROR,9,0.0,rapid,False,False,False,True,9,9,2,6,1,2,0,COUPON_EXPIRED,Kod wygasł 30 dni temu,rage_click,,1,Nothing Phone (2a) 256GB,1449.0,1449.0,Błąd formularza COUPON_EXPIRED: Kod wygasł 30 dni temu.
evt_01426bfdf9b948a59cbf3f8facd534c7,sess_0005_309d258c,23,2026-10-03T10:32:46.334000Z,,anon_0ef8c2d6f7fd,checkout,Zamówienie - Ceneo,RAGE_CLICK,9,0.0,rapid,True,False,False,True,10,10,3,7,1,2,0,COUPON_EXPIRED,Kod wygasł 30 dni temu,rage_click,,1,,,1449.0,Seria szybkich kliknięć w 'Zastosuj kod'.
evt_14d661f767ab41c69bce17d5b80c0816,sess_0005_309d258c,24,2026-10-03T10:32:46.471000Z,,anon_0ef8c2d6f7fd,checkout,Zamówienie - Ceneo,RAGE_CLICK,9,0.0,rapid,True,False,False,True,11,11,4,8,1,2,0,COUPON_EXPIRED,Kod wygasł 30 dni temu,rage_click,,1,,,1449.0,Seria szybkich kliknięć w 'Zastosuj kod'.
evt_49609663bc39452ca0b1c3b913a9db7a,sess_0005_309d258c,25,2026-10-03T10:32:46.630000Z,,anon_0ef8c2d6f7fd,checkout,Zamówienie - Ceneo,RAGE_CLICK,9,0.0,rapid,True,False,False,True,12,12,5,9,1,2,0,COUPON_EXPIRED,Kod wygasł 30 dni temu,rage_click,,1,,,1449.0,Seria szybkich kliknięć w 'Zastosuj kod'.
evt_7d8023f2dcac4bb4ad181666738dd313,sess_0005_309d258c,26,2026-10-03T10:32:46.805000Z,,anon_0ef8c2d6f7fd,checkout,Zamówienie - Ceneo,RAGE_CLICK,9,0.0,rapid,True,False,False,True,13,13,6,10,1,2,0,COUPON_EXPIRED,Kod wygasł 30 dni temu,rage_click,,1,,,1449.0,Seria szybkich kliknięć w 'Zastosuj kod'.
evt_b34e387f099743729b0e250e4b58fca5,sess_0005_309d258c,27,2026-10-03T10:32:48.817000Z,,anon_0ef8c2d6f7fd,checkout,Zamówienie - Ceneo,FORM_INPUT,11,2.0,normal,False,False,False,False,13,13,0,10,1,2,0,COUPON_EXPIRED,Kod wygasł 30 dni temu,rage_click,,1,Nothing Phone (2a) 256GB,1449.0,1449.0,Wpisano wartość w pole coupon_code.
evt_3b27c67929a0438a8aca3f2d521c0c53,sess_0005_309d258c,28,2026-10-03T10:32:49.352000Z,,anon_0ef8c2d6f7fd,checkout,Zamówienie - Ceneo,RAGE_CLICK,12,1.0,normal,True,False,False,True,14,14,1,11,1,2,0,COUPON_EXPIRED,Kod wygasł 30 dni temu,rage_click,,1,,,1449.0,Seria szybkich kliknięć w 'Zastosuj kod'.
evt_5f27207c0fdc4fedae97cc28535005b6,sess_0005_309d258c,29,2026-10-03T10:32:49.759000Z,,anon_0ef8c2d6f7fd,checkout,Zamówienie - Ceneo,FORM_ERROR,12,0.0,rapid,False,False,False,True,15,15,2,11,1,3,0,COUPON_INVALID,Kod rabatowy jest nieprawidłowy,rage_click,,1,Nothing Phone (2a) 256GB,1449.0,1449.0,Błąd formularza COUPON_INVALID: Kod rabatowy jest nieprawidłowy.
evt_3457e5be2cd84685bb18a2622c7f01ad,sess_0005_309d258c,30,2026-10-03T10:32:49.919000Z,,anon_0ef8c2d6f7fd,checkout,Zamówienie - Ceneo,RAGE_CLICK,12,0.0,rapid,True,False,False,True,16,16,3,12,1,3,0,COUPON_INVALID,Kod rabatowy jest nieprawidłowy,rage_click,,1,,,1449.0,Seria szybkich kliknięć w 'Zastosuj kod'.
evt_5dbd64a474574f6f951f6862341232c4,sess_0005_309d258c,31,2026-10-03T10:32:50.086000Z,,anon_0ef8c2d6f7fd,checkout,Zamówienie - Ceneo,RAGE_CLICK,12,0.0,rapid,True,False,False,True,17,17,4,13,1,3,0,COUPON_INVALID,Kod rabatowy jest nieprawidłowy,rage_click,,1,,,1449.0,Seria szybkich kliknięć w 'Zastosuj kod'.
evt_d93eb9c8f37447b68d5b70ab10d82853,sess_0005_309d258c,32,2026-10-03T10:32:50.263000Z,,anon_0ef8c2d6f7fd,checkout,Zamówienie - Ceneo,RAGE_CLICK,13,0.0,rapid,True,False,False,True,18,18,5,14,1,3,0,COUPON_INVALID,Kod rabatowy jest nieprawidłowy,rage_click,,1,,,1449.0,Seria szybkich kliknięć w 'Zastosuj kod'.
evt_fb1f4aa9b6224a44923372ebbefa1e6b,sess_0005_309d258c,33,2026-10-03T10:32:50.385000Z,,anon_0ef8c2d6f7fd,checkout,Zamówienie - Ceneo,RAGE_CLICK,13,0.0,rapid,True,False,False,True,19,19,6,15,1,3,0,COUPON_INVALID,Kod rabatowy jest nieprawidłowy,rage_click,,1,,,1449.0,Seria szybkich kliknięć w 'Zastosuj kod'.
evt_a9db3d9ad0184f4daaab22a33bd23ff8,sess_0005_309d258c,34,2026-10-03T10:32:52.852000Z,,anon_0ef8c2d6f7fd,checkout,Zamówienie - Ceneo,CART_ABANDON_EXIT,15,2.0,normal,False,False,True,True,19,19,0,15,1,3,0,COUPON_INVALID,Kod rabatowy jest nieprawidłowy,rage_click,,1,Nothing Phone (2a) 256GB,1449.0,1449.0,Próba opuszczenia koszyka / kasy.
evt_19100d2bdc1f4e1c94a0c2e05fb93e23,sess_0006_711c21c9,1,2026-10-03T10:36:40.314000Z,,anon_8f9797b06d7c,home,Ceneo - porównywarka cen,PAGE_VIEW,0,,normal,False,False,False,False,0,0,0,0,0,0,0,,,,,0,,,,Otwarto stronę Ceneo - porównywarka cen.
evt_c4147b036f4e4204bc5e8686ea432622,sess_0006_711c21c9,2,2026-10-03T10:36:42.929000Z,,anon_8f9797b06d7c,home,Ceneo - porównywarka cen,SCROLL,3,3.0,normal,False,False,False,False,0,0,0,0,0,0,0,,,,,0,,,,Przewinięto stronę 'Ceneo - porównywarka cen' do 411px.
evt_ac7fdacbbd7142c38787b8cafcdc1ac8,sess_0006_711c21c9,3,2026-10-03T10:36:43.765000Z,,anon_8f9797b06d7c,search,Szukaj: smartfon do fotografii - Ceneo,SEARCH_QUERY,3,1.0,normal,False,False,False,False,0,0,0,0,0,0,0,,,,,0,,,,"Wyszukano ""smartfon do fotografii"" (31 wyników)."
evt_3b23ff643e93463eb56ad9ccfb394d1b,sess_0006_711c21c9,4,2026-10-03T10:36:43.765000Z,,anon_8f9797b06d7c,search,Szukaj: smartfon do fotografii - Ceneo,PAGE_VIEW,0,0.0,rapid,False,False,False,False,0,0,0,0,0,0,0,,,,,0,,,,Otwarto stronę Szukaj: smartfon do fotografii - Ceneo.
evt_24c9fc25ea8d425abc298f01a586a562,sess_0006_711c21c9,5,2026-10-03T10:36:46.871000Z,,anon_8f9797b06d7c,search,Szukaj: smartfon do fotografii - Ceneo,PRICE_COMPARISON_CLICK,3,3.0,normal,False,False,False,False,0,0,0,0,0,0,0,,,,,0,Nothing Phone (2a) 256GB,1449.0,,Kliknięto ofertę Nothing Phone (2a) 256GB.
evt_43fa667ba0034ae4a44c5f278a67a444,sess_0006_711c21c9,6,2026-10-03T10:36:47.328000Z,,anon_8f9797b06d7c,product_details,Nothing Phone (2a) 256GB - Ceneo,PRODUCT_INSPECT,0,0.0,rapid,False,False,False,False,0,0,0,0,0,0,0,,,,,1,Nothing Phone (2a) 256GB,1449.0,,Wejście w produkt Nothing Phone (2a) 256GB.
evt_383279d6e28a4d2983477bde222f3eab,sess_0006_711c21c9,7,2026-10-03T10:36:55.010000Z,,anon_8f9797b06d7c,product_details,Nothing Phone (2a) 256GB - Ceneo,CLICK,8,8.0,normal,False,False,False,False,0,0,0,0,0,0,0,,,,,1,Nothing Phone (2a) 256GB,1449.0,,Kliknięto 'Dodaj do koszyka' na stronie Nothing Phone (2a) 256GB - Ceneo.
evt_13cb9286693e457b962d3b3983838667,sess_0006_711c21c9,8,2026-10-03T10:36:55.393000Z,,anon_8f9797b06d7c,product_details,Nothing Phone (2a) 256GB - Ceneo,ADD_TO_CART,8,0.0,rapid,False,False,False,False,0,0,0,0,0,0,0,,,,,1,Nothing Phone (2a) 256GB,1449.0,1449.0,Dodano do koszyka: Nothing Phone (2a) 256GB.
evt_0aec14cdcf7c47d1a5762cc859d0552a,sess_0006_711c21c9,9,2026-10-03T10:36:56.248000Z,,anon_8f9797b06d7c,cart,Koszyk - Ceneo,CART_VIEW,0,1.0,normal,False,False,False,False,0,0,0,0,0,0,0,,,,,1,Nothing Phone (2a) 256GB,1449.0,1449.0,CART_VIEW na stronie Koszyk - Ceneo.
evt_728650385da346258ca7fdde0c7c422b,sess_0006_711c21c9,10,2026-10-03T10:36:57.958000Z,,anon_8f9797b06d7c,cart,Koszyk - Ceneo,CLICK,2,2.0,normal,False,False,False,False,0,0,0,0,0,0,0,,,,,1,,,1449.0,Kliknięto 'Przejdź do kasy' na stronie Koszyk - Ceneo.
evt_c986c848cf04431091d86f3572d3601d,sess_0006_711c21c9,11,2026-10-03T10:36:58.757000Z,,anon_8f9797b06d7c,checkout,Zamówienie - Ceneo,CHECKOUT_START,0,1.0,normal,False,False,False,False,0,0,0,0,0,0,0,,,,,1,Nothing Phone (2a) 256GB,1449.0,1449.0,CHECKOUT_START na stronie Zamówienie - Ceneo.
evt_5c7ecbd6b5d9458e9bf6aef2aa610398,sess_0006_711c21c9,12,2026-10-03T10:37:01.389000Z,,anon_8f9797b06d7c,checkout,Zamówienie - Ceneo,FORM_INPUT,3,3.0,normal,False,False,False,False,0,0,0,0,0,0,0,,,,,1,Nothing Phone (2a) 256GB,1449.0,1449.0,Wpisano wartość w pole coupon_code.
evt_d949e153221c41fbb8a5ca3c0e8c361e,sess_0006_711c21c9,13,2026-10-03T10:37:02.172000Z,,anon_8f9797b06d7c,checkout,Zamówienie - Ceneo,CLICK,3,1.0,normal,False,False,False,False,0,0,0,0,0,0,0,,,,,1,,,1449.0,Kliknięto 'Zastosuj kod' na stronie Zamówienie - Ceneo.
evt_57df6cf6b43543298218f1b16203d4ea,sess_0006_711c21c9,14,2026-10-03T10:37:02.588000Z,,anon_8f9797b06d7c,checkout,Zamówienie - Ceneo,FORM_ERROR,4,0.0,rapid,False,False,False,True,1,1,1,0,0,1,0,COUPON_INVALID,Kod rabatowy jest nieprawidłowy,COUPON_INVALID,,1,Nothing Phone (2a) 256GB,1449.0,1449.0,Błąd formularza COUPON_INVALID: Kod rabatowy jest nieprawidłowy.
evt_2fc2c985e0804137af8da7cf8b922e26,sess_0006_711c21c9,15,2026-10-03T10:37:04.720000Z,,anon_8f9797b06d7c,checkout,Zamówienie - Ceneo,FORM_INPUT,6,2.0,normal,False,False,False,False,1,1,0,0,0,1,0,COUPON_INVALID,Kod rabatowy jest nieprawidłowy,COUPON_INVALID,,1,Nothing Phone (2a) 256GB,1449.0,1449.0,Wpisano wartość w pole coupon_code.
evt_d376ed2205d84956b06baa954013cd54,sess_0006_711c21c9,16,2026-10-03T10:37:05.571000Z,,anon_8f9797b06d7c,checkout,Zamówienie - Ceneo,RAGE_CLICK,7,1.0,normal,True,False,False,True,2,2,1,1,0,1,0,COUPON_INVALID,Kod rabatowy jest nieprawidłowy,COUPON_INVALID,,1,,,1449.0,Seria szybkich kliknięć w 'Zastosuj kod'.
evt_4eef435a615f453cbf226f8e382c3f20,sess_0006_711c21c9,17,2026-10-03T10:37:05.757000Z,,anon_8f9797b06d7c,checkout,Zamówienie - Ceneo,FORM_ERROR,7,0.0,rapid,False,False,False,True,3,3,2,1,0,2,0,COUPON_EXPIRED,Kod wygasł 30 dni temu,COUPON_INVALID,,1,Nothing Phone (2a) 256GB,1449.0,1449.0,Błąd formularza COUPON_EXPIRED: Kod wygasł 30 dni temu.
evt_4080846b1a2c40758d89301c99c284dd,sess_0006_711c21c9,18,2026-10-03T10:37:05.889000Z,,anon_8f9797b06d7c,checkout,Zamówienie - Ceneo,RAGE_CLICK,7,0.0,rapid,True,False,False,True,4,4,3,2,0,2,0,COUPON_EXPIRED,Kod wygasł 30 dni temu,rage_click,,1,,,1449.0,Seria szybkich kliknięć w 'Zastosuj kod'.
evt_08f7489460c04336a7a3f7dddface9fd,sess_0006_711c21c9,19,2026-10-03T10:37:05.999000Z,,anon_8f9797b06d7c,checkout,Zamówienie - Ceneo,RAGE_CLICK,7,0.0,rapid,True,False,False,True,5,5,4,3,0,2,0,COUPON_EXPIRED,Kod wygasł 30 dni temu,rage_click,,1,,,1449.0,Seria szybkich kliknięć w 'Zastosuj kod'.
evt_c6d72368223547e4bd7d154ed91c589b,sess_0006_711c21c9,20,2026-10-03T10:37:06.149000Z,,anon_8f9797b06d7c,checkout,Zamówienie - Ceneo,RAGE_CLICK,7,0.0,rapid,True,False,False,True,6,6,5,4,0,2,0,COUPON_EXPIRED,Kod wygasł 30 dni temu,rage_click,,1,,,1449.0,Seria szybkich kliknięć w 'Zastosuj kod'.
evt_0634ef318fb846e6910625864757964b,sess_0006_711c21c9,21,2026-10-03T10:37:06.283000Z,,anon_8f9797b06d7c,checkout,Zamówienie - Ceneo,RAGE_CLICK,8,0.0,rapid,True,False,False,True,7,7,6,5,0,2,0,COUPON_EXPIRED,Kod wygasł 30 dni temu,rage_click,,1,,,1449.0,Seria szybkich kliknięć w 'Zastosuj kod'.
evt_02d267896bc14ff7b3ce0e91dfc73b04,sess_0006_711c21c9,22,2026-10-03T10:37:08.131000Z,,anon_8f9797b06d7c,checkout,Zamówienie - Ceneo,FORM_INPUT,9,2.0,normal,False,False,False,False,7,7,0,5,0,2,0,COUPON_EXPIRED,Kod wygasł 30 dni temu,rage_click,,1,Nothing Phone (2a) 256GB,1449.0,1449.0,Wpisano wartość w pole coupon_code.
evt_da2e0e8cbe5b4cbda049f97000f0f6eb,sess_0006_711c21c9,23,2026-10-03T10:37:08.629000Z,,anon_8f9797b06d7c,checkout,Zamówienie - Ceneo,CLICK,10,0.0,rapid,False,False,False,False,7,7,0,5,0,2,0,COUPON_EXPIRED,Kod wygasł 30 dni temu,rage_click,,1,,,1449.0,Kliknięto 'Zastosuj kod' na stronie Zamówienie - Ceneo.
evt_fcb4b04f70a045de8ad601072fc15077,sess_0006_711c21c9,24,2026-10-03T10:37:08.893000Z,,anon_8f9797b06d7c,checkout,Zamówienie - Ceneo,FORM_ERROR,10,0.0,rapid,False,False,False,True,8,8,1,5,0,3,0,COUPON_INVALID,Kod rabatowy jest nieprawidłowy,rage_click,,1,Nothing Phone (2a) 256GB,1449.0,1449.0,Błąd formularza COUPON_INVALID: Kod rabatowy jest nieprawidłowy.
evt_5b6316c1ed46450b8d8850016dc2b6df,sess_0006_711c21c9,25,2026-10-03T10:37:10.635000Z,,anon_8f9797b06d7c,checkout,Zamówienie - Ceneo,CART_ABANDON_EXIT,12,2.0,normal,False,False,True,True,8,8,0,5,0,3,0,COUPON_INVALID,Kod rabatowy jest nieprawidłowy,rage_click,,1,Nothing Phone (2a) 256GB,1449.0,1449.0,Próba opuszczenia koszyka / kasy.
evt_9ed6692eeca04911aec98b894678f984,sess_0007_0710d430,1,2026-10-03T10:51:12.794000Z,,anon_42deffccf86c,home,Ceneo - porównywarka cen,PAGE_VIEW,0,,normal,False,False,False,False,0,0,0,0,0,0,0,,,,,0,,,,Otwarto stronę Ceneo - porównywarka cen.
evt_87fa4ddebfc24c209fd591a7aa184981,sess_0007_0710d430,2,2026-10-03T10:51:14.072000Z,,anon_42deffccf86c,home,Ceneo - porównywarka cen,SCROLL,1,1.0,normal,False,False,False,False,0,0,0,0,0,0,0,,,,,0,,,,Przewinięto stronę 'Ceneo - porównywarka cen' do 207px.
evt_25675e11c457405bb984a089bbff3246,sess_0007_0710d430,3,2026-10-03T10:51:15.225000Z,,anon_42deffccf86c,search,Szukaj: nothing phone 2a - Ceneo,SEARCH_QUERY,2,1.0,normal,False,False,False,False,0,0,0,0,0,0,0,,,,,0,,,,"Wyszukano ""nothing phone 2a"" (6 wyników)."
evt_742fb056f1d1442b9ed9b007a86b5154,sess_0007_0710d430,4,2026-10-03T10:51:15.225000Z,,anon_42deffccf86c,search,Szukaj: nothing phone 2a - Ceneo,PAGE_VIEW,0,0.0,rapid,False,False,False,False,0,0,0,0,0,0,0,,,,,0,,,,Otwarto stronę Szukaj: nothing phone 2a - Ceneo.
evt_45e8495f28e74e21b13853f325da0e34,sess_0007_0710d430,5,2026-10-03T10:51:19.512000Z,,anon_42deffccf86c,search,Szukaj: nothing phone 2a - Ceneo,PRICE_COMPARISON_CLICK,4,4.0,normal,False,False,False,False,0,0,0,0,0,0,0,,,,,0,Samsung Galaxy A55 5G 256GB,1799.0,,Kliknięto ofertę Samsung Galaxy A55 5G 256GB.
evt_324bcf6cab674f6381bfad5602a4cca8,sess_0007_0710d430,6,2026-10-03T10:51:20.009000Z,,anon_42deffccf86c,product_details,Samsung Galaxy A55 5G 256GB - Ceneo,PRODUCT_INSPECT,0,0.0,rapid,False,False,False,False,0,0,0,0,0,0,0,,,,,1,Samsung Galaxy A55 5G 256GB,1799.0,,Wejście w produkt Samsung Galaxy A55 5G 256GB.
evt_78fb1ab6f0474773aeb08254edd5bdc0,sess_0007_0710d430,7,2026-10-03T10:51:24.787000Z,,anon_42deffccf86c,product_details,Samsung Galaxy A55 5G 256GB - Ceneo,CLICK,5,5.0,normal,False,False,False,False,0,0,0,0,0,0,0,,,,,1,Samsung Galaxy A55 5G 256GB,1799.0,,Kliknięto 'Dodaj do koszyka' na stronie Samsung Galaxy A55 5G 256GB - Ceneo.
evt_e651e686419e442596d2c520f5be457a,sess_0007_0710d430,8,2026-10-03T10:51:25.009000Z,,anon_42deffccf86c,product_details,Samsung Galaxy A55 5G 256GB - Ceneo,ADD_TO_CART,5,0.0,rapid,False,False,False,False,0,0,0,0,0,0,0,,,,,1,Samsung Galaxy A55 5G 256GB,1799.0,1799.0,Dodano do koszyka: Samsung Galaxy A55 5G 256GB.
evt_0458c21b5e8843abb1b7aebdbf28b3c5,sess_0007_0710d430,9,2026-10-03T10:51:26.055000Z,,anon_42deffccf86c,cart,Koszyk - Ceneo,CART_VIEW,0,1.0,normal,False,False,False,False,0,0,0,0,0,0,0,,,,,1,Samsung Galaxy A55 5G 256GB,1799.0,1799.0,CART_VIEW na stronie Koszyk - Ceneo.
evt_4df44fe5fabc4bcfb4bfb4431adf206d,sess_0007_0710d430,10,2026-10-03T10:51:28.619000Z,,anon_42deffccf86c,cart,Koszyk - Ceneo,CLICK,3,3.0,normal,False,False,False,False,0,0,0,0,0,0,0,,,,,1,,,1799.0,Kliknięto 'Przejdź do kasy' na stronie Koszyk - Ceneo.
evt_aec40b5dc2c64820942a936a679edb79,sess_0007_0710d430,11,2026-10-03T10:51:29.370000Z,,anon_42deffccf86c,checkout,Zamówienie - Ceneo,CHECKOUT_START,0,1.0,normal,False,False,False,False,0,0,0,0,0,0,0,,,,,1,Samsung Galaxy A55 5G 256GB,1799.0,1799.0,CHECKOUT_START na stronie Zamówienie - Ceneo.
evt_842938aaeaa445aab89cf6d260ca5227,sess_0007_0710d430,12,2026-10-03T10:51:32.689000Z,,anon_42deffccf86c,checkout,Zamówienie - Ceneo,FORM_INPUT,3,3.0,normal,False,False,False,False,0,0,0,0,0,0,0,,,,,1,Samsung Galaxy A55 5G 256GB,1799.0,1799.0,Wpisano wartość w pole coupon_code.
evt_32b45f13bd764919bfa84ae6ec38c2ad,sess_0007_0710d430,13,2026-10-03T10:51:33.432000Z,,anon_42deffccf86c,checkout,Zamówienie - Ceneo,CLICK,4,1.0,normal,False,False,False,False,0,0,0,0,0,0,0,,,,,1,,,1799.0,Kliknięto 'Zastosuj kod' na stronie Zamówienie - Ceneo.
evt_45a181a1726f4f32a33553cb5f0e9f4d,sess_0007_0710d430,14,2026-10-03T10:51:33.705000Z,,anon_42deffccf86c,checkout,Zamówienie - Ceneo,FORM_ERROR,4,0.0,rapid,False,False,False,True,1,1,1,0,0,1,0,COUPON_INVALID,Kod rabatowy jest nieprawidłowy,COUPON_INVALID,,1,Samsung Galaxy A55 5G 256GB,1799.0,1799.0,Błąd formularza COUPON_INVALID: Kod rabatowy jest nieprawidłowy.
evt_d5abcbca5be14e928b88c9686538e07d,sess_0007_0710d430,15,2026-10-03T10:51:35.648000Z,,anon_42deffccf86c,checkout,Zamówienie - Ceneo,FORM_INPUT,6,2.0,normal,False,False,False,False,1,1,0,0,0,1,0,COUPON_INVALID,Kod rabatowy jest nieprawidłowy,COUPON_INVALID,,1,Samsung Galaxy A55 5G 256GB,1799.0,1799.0,Wpisano wartość w pole coupon_code.
evt_665d1f7aee6d4c89889e1cdbd6bacd15,sess_0007_0710d430,16,2026-10-03T10:51:36.519000Z,,anon_42deffccf86c,checkout,Zamówienie - Ceneo,RAGE_CLICK,7,1.0,normal,True,False,False,True,2,2,1,1,0,1,0,COUPON_INVALID,Kod rabatowy jest nieprawidłowy,COUPON_INVALID,,1,,,1799.0,Seria szybkich kliknięć w 'Zastosuj kod'.
evt_87eb36c3ef144e91924ba2b26120a473,sess_0007_0710d430,17,2026-10-03T10:51:36.858000Z,,anon_42deffccf86c,checkout,Zamówienie - Ceneo,FORM_ERROR,7,0.0,rapid,False,False,False,True,3,3,2,1,0,2,0,COUPON_EXPIRED,Kod wygasł 30 dni temu,COUPON_INVALID,,1,Samsung Galaxy A55 5G 256GB,1799.0,1799.0,Błąd formularza COUPON_EXPIRED: Kod wygasł 30 dni temu.
evt_2eb05b92be3d4470aadc11782a5bd8f3,sess_0007_0710d430,18,2026-10-03T10:51:37.032000Z,,anon_42deffccf86c,checkout,Zamówienie - Ceneo,RAGE_CLICK,8,0.0,rapid,True,False,False,True,4,4,3,2,0,2,0,COUPON_EXPIRED,Kod wygasł 30 dni temu,rage_click,,1,,,1799.0,Seria szybkich kliknięć w 'Zastosuj kod'.
evt_f2f1035f63bc4b9eaa5f09993b1adf62,sess_0007_0710d430,19,2026-10-03T10:51:37.161000Z,,anon_42deffccf86c,checkout,Zamówienie - Ceneo,RAGE_CLICK,8,0.0,rapid,True,False,False,True,5,5,4,3,0,2,0,COUPON_EXPIRED,Kod wygasł 30 dni temu,rage_click,,1,,,1799.0,Seria szybkich kliknięć w 'Zastosuj kod'.
evt_f58887fd057b420d8328cbcf4175cb15,sess_0007_0710d430,20,2026-10-03T10:51:37.340000Z,,anon_42deffccf86c,checkout,Zamówienie - Ceneo,RAGE_CLICK,8,0.0,rapid,True,False,False,True,6,6,5,4,0,2,0,COUPON_EXPIRED,Kod wygasł 30 dni temu,rage_click,,1,,,1799.0,Seria szybkich kliknięć w 'Zastosuj kod'.
evt_f14c7cb58f1246ce9b78d91257bdf333,sess_0007_0710d430,21,2026-10-03T10:51:37.454000Z,,anon_42deffccf86c,checkout,Zamówienie - Ceneo,RAGE_CLICK,8,0.0,rapid,True,False,False,True,7,7,6,5,0,2,0,COUPON_EXPIRED,Kod wygasł 30 dni temu,rage_click,,1,,,1799.0,Seria szybkich kliknięć w 'Zastosuj kod'.
evt_fc3d10259fe74f8faf51b06ce7b33323,sess_0007_0710d430,22,2026-10-03T10:51:40.786000Z,,anon_42deffccf86c,checkout,Zamówienie - Ceneo,FORM_INPUT,11,3.0,normal,False,False,False,False,7,7,0,5,0,2,0,COUPON_EXPIRED,Kod wygasł 30 dni temu,rage_click,,1,Samsung Galaxy A55 5G 256GB,1799.0,1799.0,Wpisano wartość w pole coupon_code.
evt_f4ab8af71da94374a9369494e23dec55,sess_0007_0710d430,23,2026-10-03T10:51:41.501000Z,,anon_42deffccf86c,checkout,Zamówienie - Ceneo,CLICK,12,1.0,normal,False,False,False,False,7,7,0,5,0,2,0,COUPON_EXPIRED,Kod wygasł 30 dni temu,rage_click,,1,,,1799.0,Kliknięto 'Zastosuj kod' na stronie Zamówienie - Ceneo.
evt_94efc7f661c14d86b2890a5612a4c906,sess_0007_0710d430,24,2026-10-03T10:51:41.758000Z,,anon_42deffccf86c,checkout,Zamówienie - Ceneo,FORM_ERROR,12,0.0,rapid,False,False,False,True,8,8,1,5,0,3,0,COUPON_INVALID,Kod rabatowy jest nieprawidłowy,rage_click,,1,Samsung Galaxy A55 5G 256GB,1799.0,1799.0,Błąd formularza COUPON_INVALID: Kod rabatowy jest nieprawidłowy.
evt_20e99f0aab304beda49e3a3d23854387,sess_0007_0710d430,25,2026-10-03T10:51:44.480000Z,,anon_42deffccf86c,checkout,Zamówienie - Ceneo,CART_ABANDON_EXIT,15,3.0,normal,False,False,True,True,8,8,0,5,0,3,0,COUPON_INVALID,Kod rabatowy jest nieprawidłowy,rage_click,,1,Samsung Galaxy A55 5G 256GB,1799.0,1799.0,Próba opuszczenia koszyka / kasy.
evt_a716e95c025b46bfadd596d921c465a1,sess_0008_7118e364,1,2026-10-03T10:59:25.373000Z,,anon_82dc4c8e36b5,home,Ceneo - porównywarka cen,PAGE_VIEW,0,,normal,False,False,False,False,0,0,0,0,0,0,0,,,,,0,,,,Otwarto stronę Ceneo - porównywarka cen.
evt_a78356899559447cb10b38efd0e2e071,sess_0008_7118e364,2,2026-10-03T10:59:26.746000Z,,anon_82dc4c8e36b5,home,Ceneo - porównywarka cen,SCROLL,1,1.0,normal,False,False,False,False,0,0,0,0,0,0,0,,,,,0,,,,Przewinięto stronę 'Ceneo - porównywarka cen' do 252px.
evt_1247a597a5b94930b7551f23301e5c81,sess_0008_7118e364,3,2026-10-03T10:59:28.325000Z,,anon_82dc4c8e36b5,search,Szukaj: tani ajfon - Ceneo,SEARCH_NO_RESULTS,3,2.0,normal,False,False,False,True,1,1,1,0,0,0,1,,,no_search_results,,0,,,,"Wyszukiwanie ""tani ajfon"" nie zwróciło wyników."
evt_c9b608391a6347dbad7d82d476a69e98,sess_0008_7118e364,4,2026-10-03T10:59:28.325000Z,,anon_82dc4c8e36b5,search,Szukaj: tani ajfon - Ceneo,PAGE_VIEW,0,0.0,rapid,False,False,False,False,1,1,0,0,0,0,1,,,no_search_results,,0,,,,Otwarto stronę Szukaj: tani ajfon - Ceneo.
evt_d6b29c790e1d42d88256f7aef28fc0a0,sess_0008_7118e364,5,2026-10-03T10:59:30.411000Z,,anon_82dc4c8e36b5,search,Szukaj: tani iphone 12 - Ceneo,SEARCH_NO_RESULTS,2,2.0,normal,False,False,False,True,2,2,1,0,0,0,2,,,no_search_results,,0,,,,"Wyszukiwanie ""tani iphone 12"" nie zwróciło wyników."
evt_6f2f207311304e8eacf74dde2fdd4044,sess_0008_7118e364,6,2026-10-03T10:59:30.411000Z,,anon_82dc4c8e36b5,search,Szukaj: tani iphone 12 - Ceneo,PAGE_VIEW,0,0.0,rapid,False,False,False,False,2,2,0,0,0,0,2,,,no_search_results,,0,,,,Otwarto stronę Szukaj: tani iphone 12 - Ceneo.
evt_9297a206414b42b0809c4d64071fc33c,sess_0008_7118e364,7,2026-10-03T10:59:32.692000Z,,anon_82dc4c8e36b5,search,Szukaj: tani iphone 12 - Ceneo,CLICK,2,2.0,normal,False,False,False,False,2,2,0,0,0,0,2,,,no_search_results,,0,,,,Kliknięto 'Szukaj' na stronie Szukaj: tani iphone 12 - Ceneo.
evt_e8d295762b5a45d9871324a1707d6568,sess_0008_7118e364,8,2026-10-03T10:59:33.250000Z,,anon_82dc4c8e36b5,search,Szukaj: ajfon 15 tanio - Ceneo,SEARCH_NO_RESULTS,3,1.0,normal,False,False,False,True,3,3,1,0,0,0,3,,,no_search_results,,0,,,,"Wyszukiwanie ""ajfon 15 tanio"" nie zwróciło wyników."
evt_1212b287096f4ecfa4515e5c5aa0a21c,sess_0008_7118e364,9,2026-10-03T10:59:33.250000Z,,anon_82dc4c8e36b5,search,Szukaj: ajfon 15 tanio - Ceneo,PAGE_VIEW,0,0.0,rapid,False,False,False,False,3,3,0,0,0,0,3,,,no_search_results,,0,,,,Otwarto stronę Szukaj: ajfon 15 tanio - Ceneo.
evt_586efd138c094316b28adc164a7d0c9a,sess_0008_7118e364,10,2026-10-03T10:59:35.751000Z,,anon_82dc4c8e36b5,search,Szukaj: ajfon 15 tanio - Ceneo,EXIT_INTENT,3,3.0,normal,False,False,True,True,3,3,0,0,0,0,3,,,no_search_results,,0,,,,Kursor opuścił viewport u góry okna (sygnał wyjścia).
evt_41e8dca19d5a4e929411b9e0715f2e2e,sess_0009_a1384ddc,1,2026-10-03T11:06:55.706000Z,,anon_b24445a7b7e5,home,Ceneo - porównywarka cen,PAGE_VIEW,0,,normal,False,False,False,False,0,0,0,0,0,0,0,,,,,0,,,,Otwarto stronę Ceneo - porównywarka cen.
evt_26d9f49349bd4d2c8457da13684c312c,sess_0009_a1384ddc,2,2026-10-03T11:06:57.405000Z,,anon_b24445a7b7e5,home,Ceneo - porównywarka cen,SCROLL,2,2.0,normal,False,False,False,False,0,0,0,0,0,0,0,,,,,0,,,,Przewinięto stronę 'Ceneo - porównywarka cen' do 217px.
evt_e40957cf3279497f851e5691b5844ca9,sess_0009_a1384ddc,3,2026-10-03T11:06:58.310000Z,,anon_b24445a7b7e5,search,Szukaj: tani ajfon - Ceneo,SEARCH_NO_RESULTS,3,1.0,normal,False,False,False,True,1,1,1,0,0,0,1,,,no_search_results,,0,,,,"Wyszukiwanie ""tani ajfon"" nie zwróciło wyników."
evt_e0505a8b1c214448b2ec23bf93c35201,sess_0009_a1384ddc,4,2026-10-03T11:06:58.310000Z,,anon_b24445a7b7e5,search,Szukaj: tani ajfon - Ceneo,PAGE_VIEW,0,0.0,rapid,False,False,False,False,1,1,0,0,0,0,1,,,no_search_results,,0,,,,Otwarto stronę Szukaj: tani ajfon - Ceneo.
evt_c29791abc3b0469a84e25cb9b9888617,sess_0009_a1384ddc,5,2026-10-03T11:06:59.928000Z,,anon_b24445a7b7e5,search,Szukaj: tani iphone 12 - Ceneo,SEARCH_NO_RESULTS,2,2.0,normal,False,False,False,True,2,2,1,0,0,0,2,,,no_search_results,,0,,,,"Wyszukiwanie ""tani iphone 12"" nie zwróciło wyników."
evt_7b80bda9e69440daaf52214e37883c13,sess_0009_a1384ddc,6,2026-10-03T11:06:59.928000Z,,anon_b24445a7b7e5,search,Szukaj: tani iphone 12 - Ceneo,PAGE_VIEW,0,0.0,rapid,False,False,False,False,2,2,0,0,0,0,2,,,no_search_results,,0,,,,Otwarto stronę Szukaj: tani iphone 12 - Ceneo.
evt_82c841ca1bbd4751a240a9ce80e476d6,sess_0009_a1384ddc,7,2026-10-03T11:07:02.176000Z,,anon_b24445a7b7e5,search,Szukaj: tani iphone 12 - Ceneo,CLICK,2,2.0,normal,False,False,False,False,2,2,0,0,0,0,2,,,no_search_results,,0,,,,Kliknięto 'Szukaj' na stronie Szukaj: tani iphone 12 - Ceneo.
evt_ce36dff771824dc699167952cba26e71,sess_0009_a1384ddc,8,2026-10-03T11:07:02.841000Z,,anon_b24445a7b7e5,search,Szukaj: ajfon 15 tanio - Ceneo,SEARCH_NO_RESULTS,3,1.0,normal,False,False,False,True,3,3,1,0,0,0,3,,,no_search_results,,0,,,,"Wyszukiwanie ""ajfon 15 tanio"" nie zwróciło wyników."
evt_6577d70f163a441ea18d64b9517e78ee,sess_0009_a1384ddc,9,2026-10-03T11:07:02.841000Z,,anon_b24445a7b7e5,search,Szukaj: ajfon 15 tanio - Ceneo,PAGE_VIEW,0,0.0,rapid,False,False,False,False,3,3,0,0,0,0,3,,,no_search_results,,0,,,,Otwarto stronę Szukaj: ajfon 15 tanio - Ceneo.
evt_c6ac71cb6850492c848f22e75ef3a807,sess_0009_a1384ddc,10,2026-10-03T11:07:06.182000Z,,anon_b24445a7b7e5,search,Szukaj: ajfon 15 tanio - Ceneo,EXIT_INTENT,3,3.0,normal,False,False,True,True,3,3,0,0,0,0,3,,,no_search_results,,0,,,,Kursor opuścił viewport u góry okna (sygnał wyjścia).
evt_57a556c84f15462987bef06cd1c6f469,sess_0010_513a7052,1,2026-10-03T11:18:03.563000Z,,anon_714c7df4e434,home,Ceneo - porównywarka cen,PAGE_VIEW,0,,normal,False,False,False,False,0,0,0,0,0,0,0,,,,,0,,,,Otwarto stronę Ceneo - porównywarka cen.
evt_c9b37ff7a5cf4955af54f5ec2435918a,sess_0010_513a7052,2,2026-10-03T11:18:05.596000Z,,anon_714c7df4e434,search,Szukaj: smartfon 256gb do 2000 - Ceneo,SEARCH_QUERY,2,2.0,normal,False,False,False,False,0,0,0,0,0,0,0,,,,,0,,,,"Wyszukano ""smartfon 256gb do 2000"" (42 wyników)."
evt_be4503637b8d46b3967df755376c3771,sess_0010_513a7052,3,2026-10-03T11:18:05.596000Z,,anon_714c7df4e434,search,Szukaj: smartfon 256gb do 2000 - Ceneo,PAGE_VIEW,0,0.0,rapid,False,False,False,False,0,0,0,0,0,0,0,,,,,0,,,,Otwarto stronę Szukaj: smartfon 256gb do 2000 - Ceneo.
evt_44b8c4ffbb3d4896aac1134907d0d0ea,sess_0010_513a7052,4,2026-10-03T11:18:07.926000Z,,anon_714c7df4e434,search,Szukaj: smartfon 256gb do 2000 - Ceneo,FILTER_APPLIED,2,2.0,normal,False,False,False,False,0,0,0,0,0,0,0,,,,"{""brand"": ""Xiaomi""}",0,,,,Włączono filtr brand = Xiaomi.
evt_9bd309dd6e41463cae890c5710b58731,sess_0010_513a7052,5,2026-10-03T11:18:09.079000Z,,anon_714c7df4e434,search,Szukaj: smartfon 256gb do 2000 - Ceneo,FILTER_APPLIED,3,1.0,normal,False,False,False,False,0,0,0,0,0,0,0,,,,"{""brand"": ""Xiaomi"", ""memory"": ""256GB""}",0,,,,Włączono filtr memory = 256GB.
evt_30b876bb797e4f27a7c084ee73196b50,sess_0010_513a7052,6,2026-10-03T11:18:11.046000Z,,anon_714c7df4e434,search,Szukaj: smartfon 256gb do 2000 - Ceneo,PRICE_COMPARISON_CLICK,5,2.0,normal,False,False,False,False,0,0,0,0,0,0,0,,,,"{""brand"": ""Xiaomi"", ""memory"": ""256GB""}",0,Apple iPhone 15 128GB,3499.0,,Kliknięto ofertę Apple iPhone 15 128GB.
evt_3cd794cd3fd246dd9ea459631ec8310c,sess_0010_513a7052,7,2026-10-03T11:18:11.418000Z,,anon_714c7df4e434,product_details,Apple iPhone 15 128GB - Ceneo,PRODUCT_INSPECT,0,0.0,rapid,False,False,False,False,0,0,0,0,0,0,0,,,,"{""brand"": ""Xiaomi"", ""memory"": ""256GB""}",1,Apple iPhone 15 128GB,3499.0,,Wejście w produkt Apple iPhone 15 128GB.
evt_0600c75d25e54558a1718e25d672fb4a,sess_0010_513a7052,8,2026-10-03T11:18:15.419000Z,,anon_714c7df4e434,product_details,Apple iPhone 15 128GB - Ceneo,SCROLL,4,4.0,normal,False,False,False,False,0,0,0,0,0,0,0,,,,"{""brand"": ""Xiaomi"", ""memory"": ""256GB""}",1,Apple iPhone 15 128GB,3499.0,,Przewinięto stronę 'Apple iPhone 15 128GB - Ceneo' do 379px.
evt_d3afc76059824081a8c11d57fc1f5ba9,sess_0010_513a7052,9,2026-10-03T11:18:15.965000Z,,anon_714c7df4e434,product_details,Apple iPhone 15 128GB - Ceneo,CLICK,5,1.0,normal,False,False,False,False,0,0,0,0,0,0,0,,,,"{""brand"": ""Xiaomi"", ""memory"": ""256GB""}",1,,,,Kliknięto 'Wróć do wyników' na stronie Apple iPhone 15 128GB - Ceneo.
evt_fd4fdbb8be8f40b9bd1f6e54f37609f2,sess_0010_513a7052,10,2026-10-03T11:18:16.246000Z,,anon_714c7df4e434,search,Szukaj: smartfon 256gb do 2000 - Ceneo,POGO_STICK_BOUNCE,0,0.0,rapid,False,False,False,True,0,0,0,0,0,0,0,,,rapid_backtrack,"{""brand"": ""Xiaomi"", ""memory"": ""256GB""}",1,,,,Szybki powrót do listy po 4s na karcie produktu.
evt_c89fd2ae20b94f33ae782af842d00b6a,sess_0010_513a7052,11,2026-10-03T11:18:17.811000Z,,anon_714c7df4e434,search,Szukaj: smartfon 256gb do 2000 - Ceneo,PRICE_COMPARISON_CLICK,2,2.0,normal,False,False,False,False,0,0,0,0,0,0,0,,,rapid_backtrack,"{""brand"": ""Xiaomi"", ""memory"": ""256GB""}",1,Poco X6 Pro 512GB,1599.0,,Kliknięto ofertę Poco X6 Pro 512GB.
evt_84e4c72b434a40ab9d6e3727a709f730,sess_0010_513a7052,12,2026-10-03T11:18:18.257000Z,,anon_714c7df4e434,product_details,Poco X6 Pro 512GB - Ceneo,PRODUCT_INSPECT,0,0.0,rapid,False,False,False,False,0,0,0,0,0,0,0,,,rapid_backtrack,"{""brand"": ""Xiaomi"", ""memory"": ""256GB""}",2,Poco X6 Pro 512GB,1599.0,,Wejście w produkt Poco X6 Pro 512GB.
evt_5dce1c5e0f0142baa46bf4ce8f31a4f5,sess_0010_513a7052,13,2026-10-03T11:18:21.082000Z,,anon_714c7df4e434,product_details,Poco X6 Pro 512GB - Ceneo,SCROLL,3,3.0,normal,False,False,False,False,0,0,0,0,0,0,0,,,rapid_backtrack,"{""brand"": ""Xiaomi"", ""memory"": ""256GB""}",2,Poco X6 Pro 512GB,1599.0,,Przewinięto stronę 'Poco X6 Pro 512GB - Ceneo' do 519px.
evt_1922b0359402497d856b86d84594cbd8,sess_0010_513a7052,14,2026-10-03T11:18:21.694000Z,,anon_714c7df4e434,product_details,Poco X6 Pro 512GB - Ceneo,CLICK,3,1.0,normal,False,False,False,False,0,0,0,0,0,0,0,,,rapid_backtrack,"{""brand"": ""Xiaomi"", ""memory"": ""256GB""}",2,,,,Kliknięto 'Wróć do wyników' na stronie Poco X6 Pro 512GB - Ceneo.
evt_f34e6ea1e952429e9a05397418fa27ec,sess_0010_513a7052,15,2026-10-03T11:18:22.013000Z,,anon_714c7df4e434,search,Szukaj: smartfon 256gb do 2000 - Ceneo,POGO_STICK_BOUNCE,0,0.0,rapid,False,False,False,True,0,0,0,0,0,0,0,,,rapid_backtrack,"{""brand"": ""Xiaomi"", ""memory"": ""256GB""}",2,,,,Szybki powrót do listy po 3s na karcie produktu.
evt_263fe469a17f4bc9996113310407efc3,sess_0010_513a7052,16,2026-10-03T11:18:23.540000Z,,anon_714c7df4e434,search,Szukaj: smartfon 256gb do 2000 - Ceneo,PRICE_COMPARISON_CLICK,2,2.0,normal,False,False,False,False,0,0,0,0,0,0,0,,,rapid_backtrack,"{""brand"": ""Xiaomi"", ""memory"": ""256GB""}",2,Google Pixel 8a 128GB,1899.0,,Kliknięto ofertę Google Pixel 8a 128GB.
evt_91cd1809f3674029a40900b2eb15a2b5,sess_0010_513a7052,17,2026-10-03T11:18:24.089000Z,,anon_714c7df4e434,product_details,Google Pixel 8a 128GB - Ceneo,PRODUCT_INSPECT,0,1.0,normal,False,False,False,False,0,0,0,0,0,0,0,,,rapid_backtrack,"{""brand"": ""Xiaomi"", ""memory"": ""256GB""}",3,Google Pixel 8a 128GB,1899.0,,Wejście w produkt Google Pixel 8a 128GB.
evt_7edab2d5fa354d92a248131ac971760f,sess_0010_513a7052,18,2026-10-03T11:18:26.369000Z,,anon_714c7df4e434,product_details,Google Pixel 8a 128GB - Ceneo,SCROLL,2,2.0,normal,False,False,False,False,0,0,0,0,0,0,0,,,rapid_backtrack,"{""brand"": ""Xiaomi"", ""memory"": ""256GB""}",3,Google Pixel 8a 128GB,1899.0,,Przewinięto stronę 'Google Pixel 8a 128GB - Ceneo' do 889px.
evt_0e70e11ef6df4d8d991f83cdf605a6a5,sess_0010_513a7052,19,2026-10-03T11:18:27.013000Z,,anon_714c7df4e434,product_details,Google Pixel 8a 128GB - Ceneo,CLICK,3,1.0,normal,False,False,False,False,0,0,0,0,0,0,0,,,rapid_backtrack,"{""brand"": ""Xiaomi"", ""memory"": ""256GB""}",3,,,,Kliknięto 'Wróć do wyników' na stronie Google Pixel 8a 128GB - Ceneo.
evt_9cfa12e59ffc4d709ae443ea7ae6e4d6,sess_0010_513a7052,20,2026-10-03T11:18:27.405000Z,,anon_714c7df4e434,search,Szukaj: smartfon 256gb do 2000 - Ceneo,POGO_STICK_BOUNCE,0,0.0,rapid,False,False,False,True,0,0,0,0,0,0,0,,,rapid_backtrack,"{""brand"": ""Xiaomi"", ""memory"": ""256GB""}",3,,,,Szybki powrót do listy po 3s na karcie produktu.
evt_a856318791544171862c455f8b2b6892,sess_0010_513a7052,21,2026-10-03T11:18:42.396000Z,,anon_714c7df4e434,search,Szukaj: smartfon 256gb do 2000 - Ceneo,FILTER_REMOVED,15,15.0,hesitant,False,False,False,False,0,0,0,0,0,0,0,,,rapid_backtrack,"{""memory"": ""256GB""}",3,,,,Usunięto filtr brand.
evt_e25508173ada4edc84126bab1b2fe394,sess_0010_513a7052,22,2026-10-03T11:18:44.698000Z,,anon_714c7df4e434,search,Szukaj: smartfon 256gb do 2000 - Ceneo,FILTER_APPLIED,17,2.0,normal,False,False,False,False,0,0,0,0,0,0,0,,,rapid_backtrack,"{""memory"": ""256GB"", ""price"": ""1000-1800""}",3,,,,Włączono filtr price = 1000-1800.
evt_277cee6c73224f0d919b6478264fb1d6,sess_0010_513a7052,23,2026-10-03T11:18:47.316000Z,,anon_714c7df4e434,search,Szukaj: smartfon 256gb do 2000 - Ceneo,FILTER_APPLIED,20,3.0,normal,False,False,False,False,0,0,0,0,0,0,0,,,rapid_backtrack,"{""memory"": ""256GB"", ""price"": ""1000-1800"", ""sort"": ""price_asc""}",3,,,,Włączono filtr sort = price_asc.
evt_5ef9368edcb647fdba630bc5f51b3e6e,sess_0010_513a7052,24,2026-10-03T11:19:01.122000Z,,anon_714c7df4e434,search,Szukaj: smartfon 256gb do 2000 - Ceneo,PRICE_COMPARISON_CLICK,34,14.0,hesitant,False,False,False,False,0,0,0,0,0,0,0,,,rapid_backtrack,"{""memory"": ""256GB"", ""price"": ""1000-1800"", ""sort"": ""price_asc""}",3,Nothing Phone (2a) 256GB,1449.0,,Kliknięto ofertę Nothing Phone (2a) 256GB.
evt_1ed117da32d545fa9d991c32cbe7b85f,sess_0010_513a7052,25,2026-10-03T11:19:01.645000Z,,anon_714c7df4e434,product_details,Nothing Phone (2a) 256GB - Ceneo,PRODUCT_INSPECT,0,1.0,normal,False,False,False,False,0,0,0,0,0,0,0,,,rapid_backtrack,"{""memory"": ""256GB"", ""price"": ""1000-1800"", ""sort"": ""price_asc""}",4,Nothing Phone (2a) 256GB,1449.0,,Wejście w produkt Nothing Phone (2a) 256GB.
evt_06f86f5a19cf4d2f87a3f751a2daae5b,sess_0010_513a7052,26,2026-10-03T11:19:04.504000Z,,anon_714c7df4e434,product_details,Nothing Phone (2a) 256GB - Ceneo,CLICK,3,3.0,normal,False,False,False,False,0,0,0,0,0,0,0,,,rapid_backtrack,"{""memory"": ""256GB"", ""price"": ""1000-1800"", ""sort"": ""price_asc""}",4,,,,Kliknięto 'Wróć do wyników' na stronie Nothing Phone (2a) 256GB - Ceneo.
evt_62aae3cd325848e5849fa3d4591eab5c,sess_0010_513a7052,27,2026-10-03T11:19:04.911000Z,,anon_714c7df4e434,search,Szukaj: smartfon 256gb do 2000 - Ceneo,POGO_STICK_BOUNCE,0,0.0,rapid,False,False,False,True,0,0,0,0,0,0,0,,,rapid_backtrack,"{""memory"": ""256GB"", ""price"": ""1000-1800"", ""sort"": ""price_asc""}",4,,,,Szybki powrót do listy po 3s na karcie produktu.
evt_97f069e8e6914774b1d6c14ac87b7427,sess_0010_513a7052,28,2026-10-03T11:19:20.263000Z,,anon_714c7df4e434,search,Szukaj: smartfon 256gb do 2000 - Ceneo,FILTER_REMOVED,15,15.0,hesitant,False,False,False,False,0,0,0,0,0,0,0,,,rapid_backtrack,"{""memory"": ""256GB"", ""sort"": ""price_asc""}",4,,,,Usunięto filtr price.
evt_bfcc32e920ef473985cd0b35d314a3f7,sess_0010_513a7052,29,2026-10-03T11:19:21.293000Z,,anon_714c7df4e434,search,Szukaj: smartfon 256gb do 2000 - Ceneo,FILTER_REMOVED,16,1.0,normal,False,False,False,False,0,0,0,0,0,0,0,,,rapid_backtrack,"{""sort"": ""price_asc""}",4,,,,Usunięto filtr memory.
evt_6710500218a1497ab398817bd33624ff,sess_0011_a48b3dbe,1,2026-10-03T11:30:04.343000Z,,anon_7631de9ddde9,home,Ceneo - porównywarka cen,PAGE_VIEW,0,,normal,False,False,False,False,0,0,0,0,0,0,0,,,,,0,,,,Otwarto stronę Ceneo - porównywarka cen.
evt_93933c13e1bd48eb9db8cef6b1b157ba,sess_0011_a48b3dbe,2,2026-10-03T11:30:05.875000Z,,anon_7631de9ddde9,search,Szukaj: smartfon 256gb do 2000 - Ceneo,SEARCH_QUERY,2,2.0,normal,False,False,False,False,0,0,0,0,0,0,0,,,,,0,,,,"Wyszukano ""smartfon 256gb do 2000"" (42 wyników)."
evt_0fc6d607d6b342008280951ec64323f1,sess_0011_a48b3dbe,3,2026-10-03T11:30:05.875000Z,,anon_7631de9ddde9,search,Szukaj: smartfon 256gb do 2000 - Ceneo,PAGE_VIEW,0,0.0,rapid,False,False,False,False,0,0,0,0,0,0,0,,,,,0,,,,Otwarto stronę Szukaj: smartfon 256gb do 2000 - Ceneo.
evt_b549144c814d4c48bc32b3efc73cac59,sess_0011_a48b3dbe,4,2026-10-03T11:30:08.451000Z,,anon_7631de9ddde9,search,Szukaj: smartfon 256gb do 2000 - Ceneo,FILTER_APPLIED,3,3.0,normal,False,False,False,False,0,0,0,0,0,0,0,,,,"{""brand"": ""Xiaomi""}",0,,,,Włączono filtr brand = Xiaomi.
evt_390353cd758849dba86f958f94f6cf20,sess_0011_a48b3dbe,5,2026-10-03T11:30:10.121000Z,,anon_7631de9ddde9,search,Szukaj: smartfon 256gb do 2000 - Ceneo,FILTER_APPLIED,4,2.0,normal,False,False,False,False,0,0,0,0,0,0,0,,,,"{""brand"": ""Xiaomi"", ""memory"": ""256GB""}",0,,,,Włączono filtr memory = 256GB.
evt_7912ee90bbd948f1a18df26671338820,sess_0011_a48b3dbe,6,2026-10-03T11:30:12.037000Z,,anon_7631de9ddde9,search,Szukaj: smartfon 256gb do 2000 - Ceneo,PRICE_COMPARISON_CLICK,6,2.0,normal,False,False,False,False,0,0,0,0,0,0,0,,,,"{""brand"": ""Xiaomi"", ""memory"": ""256GB""}",0,Poco X6 Pro 512GB,1599.0,,Kliknięto ofertę Poco X6 Pro 512GB.
evt_a972efaac27940c9b9e43516664ebbaa,sess_0011_a48b3dbe,7,2026-10-03T11:30:12.563000Z,,anon_7631de9ddde9,product_details,Poco X6 Pro 512GB - Ceneo,PRODUCT_INSPECT,0,1.0,normal,False,False,False,False,0,0,0,0,0,0,0,,,,"{""brand"": ""Xiaomi"", ""memory"": ""256GB""}",1,Poco X6 Pro 512GB,1599.0,,Wejście w produkt Poco X6 Pro 512GB.
evt_a58346a6969147ca92e63e67673968d2,sess_0011_a48b3dbe,8,2026-10-03T11:30:16.196000Z,,anon_7631de9ddde9,product_details,Poco X6 Pro 512GB - Ceneo,SCROLL,4,4.0,normal,False,False,False,False,0,0,0,0,0,0,0,,,,"{""brand"": ""Xiaomi"", ""memory"": ""256GB""}",1,Poco X6 Pro 512GB,1599.0,,Przewinięto stronę 'Poco X6 Pro 512GB - Ceneo' do 529px.
evt_863aaa0399fd42b389b1132f762b9e7c,sess_0011_a48b3dbe,9,2026-10-03T11:30:16.631000Z,,anon_7631de9ddde9,product_details,Poco X6 Pro 512GB - Ceneo,CLICK,4,0.0,rapid,False,False,False,False,0,0,0,0,0,0,0,,,,"{""brand"": ""Xiaomi"", ""memory"": ""256GB""}",1,,,,Kliknięto 'Wróć do wyników' na stronie Poco X6 Pro 512GB - Ceneo.
evt_2a19975475a34146ab27d65ebd7c1a5e,sess_0011_a48b3dbe,10,2026-10-03T11:30:16.838000Z,,anon_7631de9ddde9,search,Szukaj: smartfon 256gb do 2000 - Ceneo,POGO_STICK_BOUNCE,0,0.0,rapid,False,False,False,True,0,0,0,0,0,0,0,,,rapid_backtrack,"{""brand"": ""Xiaomi"", ""memory"": ""256GB""}",1,,,,Szybki powrót do listy po 4s na karcie produktu.
evt_3858e50a6df44bff9f86d06c9fd85b70,sess_0011_a48b3dbe,11,2026-10-03T11:30:18.646000Z,,anon_7631de9ddde9,search,Szukaj: smartfon 256gb do 2000 - Ceneo,PRICE_COMPARISON_CLICK,2,2.0,normal,False,False,False,False,0,0,0,0,0,0,0,,,rapid_backtrack,"{""brand"": ""Xiaomi"", ""memory"": ""256GB""}",1,Apple iPhone 15 128GB,3499.0,,Kliknięto ofertę Apple iPhone 15 128GB.
evt_0a4edbe3e9b0401b9c5d2b021097de0f,sess_0011_a48b3dbe,12,2026-10-03T11:30:19.018000Z,,anon_7631de9ddde9,product_details,Apple iPhone 15 128GB - Ceneo,PRODUCT_INSPECT,0,0.0,rapid,False,False,False,False,0,0,0,0,0,0,0,,,rapid_backtrack,"{""brand"": ""Xiaomi"", ""memory"": ""256GB""}",2,Apple iPhone 15 128GB,3499.0,,Wejście w produkt Apple iPhone 15 128GB.
evt_efb80bbb7d284e378d15c56db9ce5472,sess_0011_a48b3dbe,13,2026-10-03T11:30:23.157000Z,,anon_7631de9ddde9,product_details,Apple iPhone 15 128GB - Ceneo,SCROLL,4,4.0,normal,False,False,False,False,0,0,0,0,0,0,0,,,rapid_backtrack,"{""brand"": ""Xiaomi"", ""memory"": ""256GB""}",2,Apple iPhone 15 128GB,3499.0,,Przewinięto stronę 'Apple iPhone 15 128GB - Ceneo' do 417px.
evt_4b0c9400dc2f49e497fd0509b624dcd1,sess_0011_a48b3dbe,14,2026-10-03T11:30:24.042000Z,,anon_7631de9ddde9,product_details,Apple iPhone 15 128GB - Ceneo,CLICK,5,1.0,normal,False,False,False,False,0,0,0,0,0,0,0,,,rapid_backtrack,"{""brand"": ""Xiaomi"", ""memory"": ""256GB""}",2,,,,Kliknięto 'Wróć do wyników' na stronie Apple iPhone 15 128GB - Ceneo.
evt_4ccb2353386e4e2ba7c58cf66f8921eb,sess_0011_a48b3dbe,15,2026-10-03T11:30:24.307000Z,,anon_7631de9ddde9,search,Szukaj: smartfon 256gb do 2000 - Ceneo,POGO_STICK_BOUNCE,0,0.0,rapid,False,False,False,True,0,0,0,0,0,0,0,,,rapid_backtrack,"{""brand"": ""Xiaomi"", ""memory"": ""256GB""}",2,,,,Szybki powrót do listy po 5s na karcie produktu.
evt_65e4e5da6ab14a13a4b6a79e6e18f8c9,sess_0011_a48b3dbe,16,2026-10-03T11:30:26.462000Z,,anon_7631de9ddde9,search,Szukaj: smartfon 256gb do 2000 - Ceneo,PRICE_COMPARISON_CLICK,2,2.0,normal,False,False,False,False,0,0,0,0,0,0,0,,,rapid_backtrack,"{""brand"": ""Xiaomi"", ""memory"": ""256GB""}",2,Samsung Galaxy A55 5G 256GB,1799.0,,Kliknięto ofertę Samsung Galaxy A55 5G 256GB.
evt_310b084ad1fe4b10a1a44e6a9f9c1a3b,sess_0011_a48b3dbe,17,2026-10-03T11:30:26.770000Z,,anon_7631de9ddde9,product_details,Samsung Galaxy A55 5G 256GB - Ceneo,PRODUCT_INSPECT,0,0.0,rapid,False,False,False,False,0,0,0,0,0,0,0,,,rapid_backtrack,"{""brand"": ""Xiaomi"", ""memory"": ""256GB""}",3,Samsung Galaxy A55 5G 256GB,1799.0,,Wejście w produkt Samsung Galaxy A55 5G 256GB.
evt_ac4cbe7d459c40308f5f96835158c2a2,sess_0011_a48b3dbe,18,2026-10-03T11:30:29.640000Z,,anon_7631de9ddde9,product_details,Samsung Galaxy A55 5G 256GB - Ceneo,SCROLL,3,3.0,normal,False,False,False,False,0,0,0,0,0,0,0,,,rapid_backtrack,"{""brand"": ""Xiaomi"", ""memory"": ""256GB""}",3,Samsung Galaxy A55 5G 256GB,1799.0,,Przewinięto stronę 'Samsung Galaxy A55 5G 256GB - Ceneo' do 618px.
evt_6befe73532d745aabd5f19a3ec624258,sess_0011_a48b3dbe,19,2026-10-03T11:30:30.336000Z,,anon_7631de9ddde9,product_details,Samsung Galaxy A55 5G 256GB - Ceneo,CLICK,4,1.0,normal,False,False,False,False,0,0,0,0,0,0,0,,,rapid_backtrack,"{""brand"": ""Xiaomi"", ""memory"": ""256GB""}",3,,,,Kliknięto 'Wróć do wyników' na stronie Samsung Galaxy A55 5G 256GB - Ceneo.
evt_b67caf64dbbb4c4086ec9d910ee57958,sess_0011_a48b3dbe,20,2026-10-03T11:30:30.709000Z,,anon_7631de9ddde9,search,Szukaj: smartfon 256gb do 2000 - Ceneo,POGO_STICK_BOUNCE,0,0.0,rapid,False,False,False,True,0,0,0,0,0,0,0,,,rapid_backtrack,"{""brand"": ""Xiaomi"", ""memory"": ""256GB""}",3,,,,Szybki powrót do listy po 3s na karcie produktu.
evt_2baa260394784e20888a550ce61821da,sess_0011_a48b3dbe,21,2026-10-03T11:30:41.958000Z,,anon_7631de9ddde9,search,Szukaj: smartfon 256gb do 2000 - Ceneo,FILTER_REMOVED,11,11.0,hesitant,False,False,False,False,0,0,0,0,0,0,0,,,rapid_backtrack,"{""memory"": ""256GB""}",3,,,,Usunięto filtr brand.
evt_dfc73c4c591f43058c2dbc37f50459fe,sess_0011_a48b3dbe,22,2026-10-03T11:30:43.564000Z,,anon_7631de9ddde9,search,Szukaj: smartfon 256gb do 2000 - Ceneo,FILTER_APPLIED,13,2.0,normal,False,False,False,False,0,0,0,0,0,0,0,,,rapid_backtrack,"{""memory"": ""256GB"", ""price"": ""1000-1800""}",3,,,,Włączono filtr price = 1000-1800.
evt_e974d9fb27234367b379de3fb9679d1f,sess_0011_a48b3dbe,23,2026-10-03T11:30:46.276000Z,,anon_7631de9ddde9,search,Szukaj: smartfon 256gb do 2000 - Ceneo,FILTER_APPLIED,16,3.0,normal,False,False,False,False,0,0,0,0,0,0,0,,,rapid_backtrack,"{""memory"": ""256GB"", ""price"": ""1000-1800"", ""sort"": ""price_asc""}",3,,,,Włączono filtr sort = price_asc.
evt_bdfeea25964d4ae68bb879da4859d607,sess_0011_a48b3dbe,24,2026-10-03T11:31:05.080000Z,,anon_7631de9ddde9,search,Szukaj: smartfon 256gb do 2000 - Ceneo,PRICE_COMPARISON_CLICK,34,19.0,hesitant,False,False,False,False,0,0,0,0,0,0,0,,,rapid_backtrack,"{""memory"": ""256GB"", ""price"": ""1000-1800"", ""sort"": ""price_asc""}",3,Google Pixel 8a 128GB,1899.0,,Kliknięto ofertę Google Pixel 8a 128GB.
evt_e183af90290344a683c154a09c2c164a,sess_0011_a48b3dbe,25,2026-10-03T11:31:05.736000Z,,anon_7631de9ddde9,product_details,Google Pixel 8a 128GB - Ceneo,PRODUCT_INSPECT,0,1.0,normal,False,False,False,False,0,0,0,0,0,0,0,,,rapid_backtrack,"{""memory"": ""256GB"", ""price"": ""1000-1800"", ""sort"": ""price_asc""}",4,Google Pixel 8a 128GB,1899.0,,Wejście w produkt Google Pixel 8a 128GB.
evt_3456fc48c9fe471eac4fe1972013259d,sess_0011_a48b3dbe,26,2026-10-03T11:31:09.153000Z,,anon_7631de9ddde9,product_details,Google Pixel 8a 128GB - Ceneo,CLICK,3,3.0,normal,False,False,False,False,0,0,0,0,0,0,0,,,rapid_backtrack,"{""memory"": ""256GB"", ""price"": ""1000-1800"", ""sort"": ""price_asc""}",4,,,,Kliknięto 'Wróć do wyników' na stronie Google Pixel 8a 128GB - Ceneo.
evt_42732d4f5eea4eada98e046fc72fa73f,sess_0011_a48b3dbe,27,2026-10-03T11:31:09.374000Z,,anon_7631de9ddde9,search,Szukaj: smartfon 256gb do 2000 - Ceneo,POGO_STICK_BOUNCE,0,0.0,rapid,False,False,False,True,0,0,0,0,0,0,0,,,rapid_backtrack,"{""memory"": ""256GB"", ""price"": ""1000-1800"", ""sort"": ""price_asc""}",4,,,,Szybki powrót do listy po 3s na karcie produktu.
evt_2620eacf61bb4acba20a79ead7c68baf,sess_0011_a48b3dbe,28,2026-10-03T11:31:27.738000Z,,anon_7631de9ddde9,search,Szukaj: smartfon 256gb do 2000 - Ceneo,FILTER_REMOVED,18,18.0,hesitant,False,False,False,False,0,0,0,0,0,0,0,,,rapid_backtrack,"{""memory"": ""256GB"", ""sort"": ""price_asc""}",4,,,,Usunięto filtr price.
evt_4e5591a11dfd475092385a611835f689,sess_0011_a48b3dbe,29,2026-10-03T11:31:29.315000Z,,anon_7631de9ddde9,search,Szukaj: smartfon 256gb do 2000 - Ceneo,FILTER_REMOVED,20,2.0,normal,False,False,False,False,0,0,0,0,0,0,0,,,rapid_backtrack,"{""sort"": ""price_asc""}",4,,,,Usunięto filtr memory.
evt_9bdc9a4a679043eca9d4344fde01e79b,sess_0012_1b049863,1,2026-10-03T11:35:36.612000Z,usr_70258,anon_a2b5b4985cb8,home,Ceneo - porównywarka cen,PAGE_VIEW,0,,normal,False,False,False,False,0,0,0,0,0,0,0,,,,,0,,,,Otwarto stronę Ceneo - porównywarka cen.
evt_2f05e245c25348b590312bf3f474a37b,sess_0012_1b049863,2,2026-10-03T11:35:38.503000Z,usr_70258,anon_a2b5b4985cb8,search,Szukaj: smartfon 256gb do 2000 - Ceneo,SEARCH_QUERY,2,2.0,normal,False,False,False,False,0,0,0,0,0,0,0,,,,,0,,,,"Wyszukano ""smartfon 256gb do 2000"" (42 wyników)."
evt_1ed8de051a9a495c9e4b185f30a05d43,sess_0012_1b049863,3,2026-10-03T11:35:38.503000Z,usr_70258,anon_a2b5b4985cb8,search,Szukaj: smartfon 256gb do 2000 - Ceneo,PAGE_VIEW,0,0.0,rapid,False,False,False,False,0,0,0,0,0,0,0,,,,,0,,,,Otwarto stronę Szukaj: smartfon 256gb do 2000 - Ceneo.
evt_1ab8bb599903490e98ec523ed8044f1b,sess_0012_1b049863,4,2026-10-03T11:35:41.195000Z,usr_70258,anon_a2b5b4985cb8,search,Szukaj: smartfon 256gb do 2000 - Ceneo,FILTER_APPLIED,3,3.0,normal,False,False,False,False,0,0,0,0,0,0,0,,,,"{""brand"": ""Xiaomi""}",0,,,,Włączono filtr brand = Xiaomi.
evt_f7f401574a7848258f610c9cb2797e56,sess_0012_1b049863,5,2026-10-03T11:35:42.701000Z,usr_70258,anon_a2b5b4985cb8,search,Szukaj: smartfon 256gb do 2000 - Ceneo,FILTER_APPLIED,4,2.0,normal,False,False,False,False,0,0,0,0,0,0,0,,,,"{""brand"": ""Xiaomi"", ""memory"": ""256GB""}",0,,,,Włączono filtr memory = 256GB.
evt_249a8ef0fcaa40be92b0d75cf38e8166,sess_0012_1b049863,6,2026-10-03T11:35:44.761000Z,usr_70258,anon_a2b5b4985cb8,search,Szukaj: smartfon 256gb do 2000 - Ceneo,PRICE_COMPARISON_CLICK,6,2.0,normal,False,False,False,False,0,0,0,0,0,0,0,,,,"{""brand"": ""Xiaomi"", ""memory"": ""256GB""}",0,Nothing Phone (2a) 256GB,1449.0,,Kliknięto ofertę Nothing Phone (2a) 256GB.
evt_44315fabcf854ed2ba9d61f3963fc330,sess_0012_1b049863,7,2026-10-03T11:35:45.241000Z,usr_70258,anon_a2b5b4985cb8,product_details,Nothing Phone (2a) 256GB - Ceneo,PRODUCT_INSPECT,0,0.0,rapid,False,False,False,False,0,0,0,0,0,0,0,,,,"{""brand"": ""Xiaomi"", ""memory"": ""256GB""}",1,Nothing Phone (2a) 256GB,1449.0,,Wejście w produkt Nothing Phone (2a) 256GB.
evt_4c894cb0c45b412083f2c922cb044187,sess_0012_1b049863,8,2026-10-03T11:35:49.344000Z,usr_70258,anon_a2b5b4985cb8,product_details,Nothing Phone (2a) 256GB - Ceneo,SCROLL,4,4.0,normal,False,False,False,False,0,0,0,0,0,0,0,,,,"{""brand"": ""Xiaomi"", ""memory"": ""256GB""}",1,Nothing Phone (2a) 256GB,1449.0,,Przewinięto stronę 'Nothing Phone (2a) 256GB - Ceneo' do 883px.
evt_0d7f8cdd91dc4328a6514565fc4cd293,sess_0012_1b049863,9,2026-10-03T11:35:50.086000Z,usr_70258,anon_a2b5b4985cb8,product_details,Nothing Phone (2a) 256GB - Ceneo,CLICK,5,1.0,normal,False,False,False,False,0,0,0,0,0,0,0,,,,"{""brand"": ""Xiaomi"", ""memory"": ""256GB""}",1,,,,Kliknięto 'Wróć do wyników' na stronie Nothing Phone (2a) 256GB - Ceneo.
evt_042d711e7668415a83bca52b0ec51653,sess_0012_1b049863,10,2026-10-03T11:35:50.412000Z,usr_70258,anon_a2b5b4985cb8,search,Szukaj: smartfon 256gb do 2000 - Ceneo,POGO_STICK_BOUNCE,0,0.0,rapid,False,False,False,True,0,0,0,0,0,0,0,,,rapid_backtrack,"{""brand"": ""Xiaomi"", ""memory"": ""256GB""}",1,,,,Szybki powrót do listy po 5s na karcie produktu.
evt_8319c73c6a254e8d8525fa761994a11d,sess_0012_1b049863,11,2026-10-03T11:35:52.184000Z,usr_70258,anon_a2b5b4985cb8,search,Szukaj: smartfon 256gb do 2000 - Ceneo,PRICE_COMPARISON_CLICK,2,2.0,normal,False,False,False,False,0,0,0,0,0,0,0,,,rapid_backtrack,"{""brand"": ""Xiaomi"", ""memory"": ""256GB""}",1,Samsung Galaxy A55 5G 256GB,1799.0,,Kliknięto ofertę Samsung Galaxy A55 5G 256GB.
evt_8c110d38be14478e8378347ad9cf2b7d,sess_0012_1b049863,12,2026-10-03T11:35:52.566000Z,usr_70258,anon_a2b5b4985cb8,product_details,Samsung Galaxy A55 5G 256GB - Ceneo,PRODUCT_INSPECT,0,0.0,rapid,False,False,False,False,0,0,0,0,0,0,0,,,rapid_backtrack,"{""brand"": ""Xiaomi"", ""memory"": ""256GB""}",2,Samsung Galaxy A55 5G 256GB,1799.0,,Wejście w produkt Samsung Galaxy A55 5G 256GB.
evt_ba19ca009c23477689af84b862fe6683,sess_0012_1b049863,13,2026-10-03T11:35:55.911000Z,usr_70258,anon_a2b5b4985cb8,product_details,Samsung Galaxy A55 5G 256GB - Ceneo,SCROLL,3,3.0,normal,False,False,False,False,0,0,0,0,0,0,0,,,rapid_backtrack,"{""brand"": ""Xiaomi"", ""memory"": ""256GB""}",2,Samsung Galaxy A55 5G 256GB,1799.0,,Przewinięto stronę 'Samsung Galaxy A55 5G 256GB - Ceneo' do 582px.
evt_147e85d1654a4022ae6a05f7c3dd1f87,sess_0012_1b049863,14,2026-10-03T11:35:56.316000Z,usr_70258,anon_a2b5b4985cb8,product_details,Samsung Galaxy A55 5G 256GB - Ceneo,CLICK,4,0.0,rapid,False,False,False,False,0,0,0,0,0,0,0,,,rapid_backtrack,"{""brand"": ""Xiaomi"", ""memory"": ""256GB""}",2,,,,Kliknięto 'Wróć do wyników' na stronie Samsung Galaxy A55 5G 256GB - Ceneo.
evt_d40491b8b200476f87d6d12cb83958d8,sess_0012_1b049863,15,2026-10-03T11:35:56.577000Z,usr_70258,anon_a2b5b4985cb8,search,Szukaj: smartfon 256gb do 2000 - Ceneo,POGO_STICK_BOUNCE,0,0.0,rapid,False,False,False,True,0,0,0,0,0,0,0,,,rapid_backtrack,"{""brand"": ""Xiaomi"", ""memory"": ""256GB""}",2,,,,Szybki powrót do listy po 4s na karcie produktu.
evt_9f39b6c2951d4d54af6c634a4663ee04,sess_0012_1b049863,16,2026-10-03T11:35:58.809000Z,usr_70258,anon_a2b5b4985cb8,search,Szukaj: smartfon 256gb do 2000 - Ceneo,PRICE_COMPARISON_CLICK,2,2.0,normal,False,False,False,False,0,0,0,0,0,0,0,,,rapid_backtrack,"{""brand"": ""Xiaomi"", ""memory"": ""256GB""}",2,Apple iPhone 15 128GB,3499.0,,Kliknięto ofertę Apple iPhone 15 128GB.
evt_7538c4f96ba14f0e9958c58747abca3d,sess_0012_1b049863,17,2026-10-03T11:35:59.182000Z,usr_70258,anon_a2b5b4985cb8,product_details,Apple iPhone 15 128GB - Ceneo,PRODUCT_INSPECT,0,0.0,rapid,False,False,False,False,0,0,0,0,0,0,0,,,rapid_backtrack,"{""brand"": ""Xiaomi"", ""memory"": ""256GB""}",3,Apple iPhone 15 128GB,3499.0,,Wejście w produkt Apple iPhone 15 128GB.
evt_890ddb786b8e4cddab5fa4a082cf88bb,sess_0012_1b049863,18,2026-10-03T11:36:03.332000Z,usr_70258,anon_a2b5b4985cb8,product_details,Apple iPhone 15 128GB - Ceneo,SCROLL,4,4.0,normal,False,False,False,False,0,0,0,0,0,0,0,,,rapid_backtrack,"{""brand"": ""Xiaomi"", ""memory"": ""256GB""}",3,Apple iPhone 15 128GB,3499.0,,Przewinięto stronę 'Apple iPhone 15 128GB - Ceneo' do 802px.
evt_857f08a7b355473d8673b862b1e142d4,sess_0012_1b049863,19,2026-10-03T11:36:04.137000Z,usr_70258,anon_a2b5b4985cb8,product_details,Apple iPhone 15 128GB - Ceneo,CLICK,5,1.0,normal,False,False,False,False,0,0,0,0,0,0,0,,,rapid_backtrack,"{""brand"": ""Xiaomi"", ""memory"": ""256GB""}",3,,,,Kliknięto 'Wróć do wyników' na stronie Apple iPhone 15 128GB - Ceneo.
evt_4c383ffb33774738bd6c9dfae09975ba,sess_0012_1b049863,20,2026-10-03T11:36:04.393000Z,usr_70258,anon_a2b5b4985cb8,search,Szukaj: smartfon 256gb do 2000 - Ceneo,POGO_STICK_BOUNCE,0,0.0,rapid,False,False,False,True,0,0,0,0,0,0,0,,,rapid_backtrack,"{""brand"": ""Xiaomi"", ""memory"": ""256GB""}",3,,,,Szybki powrót do listy po 5s na karcie produktu.
evt_49ddd8e6be06468caf20b3995d2a87fd,sess_0012_1b049863,21,2026-10-03T11:36:18.060000Z,usr_70258,anon_a2b5b4985cb8,search,Szukaj: smartfon 256gb do 2000 - Ceneo,FILTER_REMOVED,14,14.0,hesitant,False,False,False,False,0,0,0,0,0,0,0,,,rapid_backtrack,"{""memory"": ""256GB""}",3,,,,Usunięto filtr brand.
evt_963d01b1e58d4382839993e55b91ad8c,sess_0012_1b049863,22,2026-10-03T11:36:19.887000Z,usr_70258,anon_a2b5b4985cb8,search,Szukaj: smartfon 256gb do 2000 - Ceneo,FILTER_APPLIED,15,2.0,normal,False,False,False,False,0,0,0,0,0,0,0,,,rapid_backtrack,"{""memory"": ""256GB"", ""price"": ""1000-1800""}",3,,,,Włączono filtr price = 1000-1800.
evt_6900a81e12b9408e898ebb8c2c2bcf3c,sess_0012_1b049863,23,2026-10-03T11:36:22.578000Z,usr_70258,anon_a2b5b4985cb8,search,Szukaj: smartfon 256gb do 2000 - Ceneo,FILTER_APPLIED,18,3.0,normal,False,False,False,False,0,0,0,0,0,0,0,,,rapid_backtrack,"{""memory"": ""256GB"", ""price"": ""1000-1800"", ""sort"": ""price_asc""}",3,,,,Włączono filtr sort = price_asc.
evt_069795ca5dc34daf92a97bca49335c23,sess_0012_1b049863,24,2026-10-03T11:36:38.454000Z,usr_70258,anon_a2b5b4985cb8,search,Szukaj: smartfon 256gb do 2000 - Ceneo,PRICE_COMPARISON_CLICK,34,16.0,hesitant,False,False,False,False,0,0,0,0,0,0,0,,,rapid_backtrack,"{""memory"": ""256GB"", ""price"": ""1000-1800"", ""sort"": ""price_asc""}",3,Poco X6 Pro 512GB,1599.0,,Kliknięto ofertę Poco X6 Pro 512GB.
evt_067b879c82334354a5e5fa8194440379,sess_0012_1b049863,25,2026-10-03T11:36:38.971000Z,usr_70258,anon_a2b5b4985cb8,product_details,Poco X6 Pro 512GB - Ceneo,PRODUCT_INSPECT,0,1.0,normal,False,False,False,False,0,0,0,0,0,0,0,,,rapid_backtrack,"{""memory"": ""256GB"", ""price"": ""1000-1800"", ""sort"": ""price_asc""}",4,Poco X6 Pro 512GB,1599.0,,Wejście w produkt Poco X6 Pro 512GB.
evt_dda8e575812841038f7938e8bf96a946,sess_0012_1b049863,26,2026-10-03T11:36:42.898000Z,usr_70258,anon_a2b5b4985cb8,product_details,Poco X6 Pro 512GB - Ceneo,CLICK,4,4.0,normal,False,False,False,False,0,0,0,0,0,0,0,,,rapid_backtrack,"{""memory"": ""256GB"", ""price"": ""1000-1800"", ""sort"": ""price_asc""}",4,,,,Kliknięto 'Wróć do wyników' na stronie Poco X6 Pro 512GB - Ceneo.
evt_b2418b68022b444aaaf50e41579d3d2e,sess_0012_1b049863,27,2026-10-03T11:36:43.330000Z,usr_70258,anon_a2b5b4985cb8,search,Szukaj: smartfon 256gb do 2000 - Ceneo,POGO_STICK_BOUNCE,0,0.0,rapid,False,False,False,True,0,0,0,0,0,0,0,,,rapid_backtrack,"{""memory"": ""256GB"", ""price"": ""1000-1800"", ""sort"": ""price_asc""}",4,,,,Szybki powrót do listy po 4s na karcie produktu.
evt_05fda4d8df6c49bdb62b2adb98d9b6cd,sess_0012_1b049863,28,2026-10-03T11:36:59.841000Z,usr_70258,anon_a2b5b4985cb8,search,Szukaj: smartfon 256gb do 2000 - Ceneo,FILTER_REMOVED,17,17.0,hesitant,False,False,False,False,0,0,0,0,0,0,0,,,rapid_backtrack,"{""memory"": ""256GB"", ""sort"": ""price_asc""}",4,,,,Usunięto filtr price.
evt_f555751c96044cd98f23df0d5985c6c8,sess_0012_1b049863,29,2026-10-03T11:37:00.977000Z,usr_70258,anon_a2b5b4985cb8,search,Szukaj: smartfon 256gb do 2000 - Ceneo,FILTER_REMOVED,18,1.0,normal,False,False,False,False,0,0,0,0,0,0,0,,,rapid_backtrack,"{""sort"": ""price_asc""}",4,,,,Usunięto filtr memory.
evt_a65bb50a7e9347a59b9ec5378e7ba7a2,sess_0013_2f65fafa,1,2026-10-03T11:50:48.391000Z,,anon_7bf47042bd15,home,Ceneo - porównywarka cen,PAGE_VIEW,0,,normal,False,False,False,False,0,0,0,0,0,0,0,,,,,0,,,,Otwarto stronę Ceneo - porównywarka cen.
evt_80f7432d17ab454db745e5315b95e9d1,sess_0013_2f65fafa,2,2026-10-03T11:50:50.465000Z,,anon_7bf47042bd15,search,Szukaj: smartfon 256gb do 2000 - Ceneo,SEARCH_QUERY,2,2.0,normal,False,False,False,False,0,0,0,0,0,0,0,,,,,0,,,,"Wyszukano ""smartfon 256gb do 2000"" (42 wyników)."
evt_45038168f9f149368e0d38dbd1b5d2ee,sess_0013_2f65fafa,3,2026-10-03T11:50:50.465000Z,,anon_7bf47042bd15,search,Szukaj: smartfon 256gb do 2000 - Ceneo,PAGE_VIEW,0,0.0,rapid,False,False,False,False,0,0,0,0,0,0,0,,,,,0,,,,Otwarto stronę Szukaj: smartfon 256gb do 2000 - Ceneo.
evt_6c5efd0f537d45988f2ffd4570cd5476,sess_0013_2f65fafa,4,2026-10-03T11:50:53.004000Z,,anon_7bf47042bd15,search,Szukaj: smartfon 256gb do 2000 - Ceneo,FILTER_APPLIED,3,3.0,normal,False,False,False,False,0,0,0,0,0,0,0,,,,"{""brand"": ""Xiaomi""}",0,,,,Włączono filtr brand = Xiaomi.
evt_afb66d0d842d4195842c3aee1bd5fd01,sess_0013_2f65fafa,5,2026-10-03T11:50:54.213000Z,,anon_7bf47042bd15,search,Szukaj: smartfon 256gb do 2000 - Ceneo,FILTER_APPLIED,4,1.0,normal,False,False,False,False,0,0,0,0,0,0,0,,,,"{""brand"": ""Xiaomi"", ""memory"": ""256GB""}",0,,,,Włączono filtr memory = 256GB.
evt_51c8ed16b5124b35aa1d7d3010c01547,sess_0013_2f65fafa,6,2026-10-03T11:50:56.706000Z,,anon_7bf47042bd15,search,Szukaj: smartfon 256gb do 2000 - Ceneo,PRICE_COMPARISON_CLICK,6,2.0,normal,False,False,False,False,0,0,0,0,0,0,0,,,,"{""brand"": ""Xiaomi"", ""memory"": ""256GB""}",0,Xiaomi Redmi Note 13 Pro 256GB,1299.0,,Kliknięto ofertę Xiaomi Redmi Note 13 Pro 256GB.
evt_0c6365fc942b4cee9a280f5d970a3cd1,sess_0013_2f65fafa,7,2026-10-03T11:50:56.983000Z,,anon_7bf47042bd15,product_details,Xiaomi Redmi Note 13 Pro 256GB - Ceneo,PRODUCT_INSPECT,0,0.0,rapid,False,False,False,False,0,0,0,0,0,0,0,,,,"{""brand"": ""Xiaomi"", ""memory"": ""256GB""}",1,Xiaomi Redmi Note 13 Pro 256GB,1299.0,,Wejście w produkt Xiaomi Redmi Note 13 Pro 256GB.
evt_f8d4fc26036b4fd6bc32d33187c90dd1,sess_0013_2f65fafa,8,2026-10-03T11:51:00.379000Z,,anon_7bf47042bd15,product_details,Xiaomi Redmi Note 13 Pro 256GB - Ceneo,SCROLL,3,3.0,normal,False,False,False,False,0,0,0,0,0,0,0,,,,"{""brand"": ""Xiaomi"", ""memory"": ""256GB""}",1,Xiaomi Redmi Note 13 Pro 256GB,1299.0,,Przewinięto stronę 'Xiaomi Redmi Note 13 Pro 256GB - Ceneo' do 429px.
evt_7a44ba46b4954710a895f2b70b86b263,sess_0013_2f65fafa,9,2026-10-03T11:51:01.223000Z,,anon_7bf47042bd15,product_details,Xiaomi Redmi Note 13 Pro 256GB - Ceneo,CLICK,4,1.0,normal,False,False,False,False,0,0,0,0,0,0,0,,,,"{""brand"": ""Xiaomi"", ""memory"": ""256GB""}",1,,,,Kliknięto 'Wróć do wyników' na stronie Xiaomi Redmi Note 13 Pro 256GB - Ceneo.
evt_09626769c2bb489f8626ab981e378680,sess_0013_2f65fafa,10,2026-10-03T11:51:01.569000Z,,anon_7bf47042bd15,search,Szukaj: smartfon 256gb do 2000 - Ceneo,POGO_STICK_BOUNCE,0,0.0,rapid,False,False,False,True,0,0,0,0,0,0,0,,,rapid_backtrack,"{""brand"": ""Xiaomi"", ""memory"": ""256GB""}",1,,,,Szybki powrót do listy po 4s na karcie produktu.
evt_8ef442a0e06d4ad09d508b5655558467,sess_0013_2f65fafa,11,2026-10-03T11:51:03.930000Z,,anon_7bf47042bd15,search,Szukaj: smartfon 256gb do 2000 - Ceneo,PRICE_COMPARISON_CLICK,2,2.0,normal,False,False,False,False,0,0,0,0,0,0,0,,,rapid_backtrack,"{""brand"": ""Xiaomi"", ""memory"": ""256GB""}",1,Poco X6 Pro 512GB,1599.0,,Kliknięto ofertę Poco X6 Pro 512GB.
evt_ca3fb2ac22ab4e7c9e2498cbfd47bcd3,sess_0013_2f65fafa,12,2026-10-03T11:51:04.274000Z,,anon_7bf47042bd15,product_details,Poco X6 Pro 512GB - Ceneo,PRODUCT_INSPECT,0,0.0,rapid,False,False,False,False,0,0,0,0,0,0,0,,,rapid_backtrack,"{""brand"": ""Xiaomi"", ""memory"": ""256GB""}",2,Poco X6 Pro 512GB,1599.0,,Wejście w produkt Poco X6 Pro 512GB.
evt_231e943f5a2c426e8a170af9afab4d38,sess_0013_2f65fafa,13,2026-10-03T11:51:07.508000Z,,anon_7bf47042bd15,product_details,Poco X6 Pro 512GB - Ceneo,SCROLL,3,3.0,normal,False,False,False,False,0,0,0,0,0,0,0,,,rapid_backtrack,"{""brand"": ""Xiaomi"", ""memory"": ""256GB""}",2,Poco X6 Pro 512GB,1599.0,,Przewinięto stronę 'Poco X6 Pro 512GB - Ceneo' do 789px.
evt_955cabe16a324ba7807c7736ad6a0fc0,sess_0013_2f65fafa,14,2026-10-03T11:51:08.328000Z,,anon_7bf47042bd15,product_details,Poco X6 Pro 512GB - Ceneo,CLICK,4,1.0,normal,False,False,False,False,0,0,0,0,0,0,0,,,rapid_backtrack,"{""brand"": ""Xiaomi"", ""memory"": ""256GB""}",2,,,,Kliknięto 'Wróć do wyników' na stronie Poco X6 Pro 512GB - Ceneo.
evt_7441cb8c1e9047c58b55a5aea5b9b630,sess_0013_2f65fafa,15,2026-10-03T11:51:08.546000Z,,anon_7bf47042bd15,search,Szukaj: smartfon 256gb do 2000 - Ceneo,POGO_STICK_BOUNCE,0,0.0,rapid,False,False,False,True,0,0,0,0,0,0,0,,,rapid_backtrack,"{""brand"": ""Xiaomi"", ""memory"": ""256GB""}",2,,,,Szybki powrót do listy po 4s na karcie produktu.
evt_6d19b18b07a949bc84cc44f978ab95ca,sess_0013_2f65fafa,16,2026-10-03T11:51:11.235000Z,,anon_7bf47042bd15,search,Szukaj: smartfon 256gb do 2000 - Ceneo,PRICE_COMPARISON_CLICK,3,3.0,normal,False,False,False,False,0,0,0,0,0,0,0,,,rapid_backtrack,"{""brand"": ""Xiaomi"", ""memory"": ""256GB""}",2,Samsung Galaxy A55 5G 256GB,1799.0,,Kliknięto ofertę Samsung Galaxy A55 5G 256GB.
evt_16de6ab3c15d45f8816d5a8e08c9dd46,sess_0013_2f65fafa,17,2026-10-03T11:51:11.773000Z,,anon_7bf47042bd15,product_details,Samsung Galaxy A55 5G 256GB - Ceneo,PRODUCT_INSPECT,0,1.0,normal,False,False,False,False,0,0,0,0,0,0,0,,,rapid_backtrack,"{""brand"": ""Xiaomi"", ""memory"": ""256GB""}",3,Samsung Galaxy A55 5G 256GB,1799.0,,Wejście w produkt Samsung Galaxy A55 5G 256GB.
evt_8d4ecd4a260640c9b1cd4d737fb5e336,sess_0013_2f65fafa,18,2026-10-03T11:51:14.321000Z,,anon_7bf47042bd15,product_details,Samsung Galaxy A55 5G 256GB - Ceneo,SCROLL,3,3.0,normal,False,False,False,False,0,0,0,0,0,0,0,,,rapid_backtrack,"{""brand"": ""Xiaomi"", ""memory"": ""256GB""}",3,Samsung Galaxy A55 5G 256GB,1799.0,,Przewinięto stronę 'Samsung Galaxy A55 5G 256GB - Ceneo' do 554px.
evt_1d90687fd6e34462bdedcfd4e3e32e48,sess_0013_2f65fafa,19,2026-10-03T11:51:15.006000Z,,anon_7bf47042bd15,product_details,Samsung Galaxy A55 5G 256GB - Ceneo,CLICK,3,1.0,normal,False,False,False,False,0,0,0,0,0,0,0,,,rapid_backtrack,"{""brand"": ""Xiaomi"", ""memory"": ""256GB""}",3,,,,Kliknięto 'Wróć do wyników' na stronie Samsung Galaxy A55 5G 256GB - Ceneo.
evt_392f13e64940485aacf3f8d44eebb247,sess_0013_2f65fafa,20,2026-10-03T11:51:15.408000Z,,anon_7bf47042bd15,search,Szukaj: smartfon 256gb do 2000 - Ceneo,POGO_STICK_BOUNCE,0,0.0,rapid,False,False,False,True,0,0,0,0,0,0,0,,,rapid_backtrack,"{""brand"": ""Xiaomi"", ""memory"": ""256GB""}",3,,,,Szybki powrót do listy po 3s na karcie produktu.
evt_ee936f34a8e44063a5706c2537cf1070,sess_0013_2f65fafa,21,2026-10-03T11:51:25.256000Z,,anon_7bf47042bd15,search,Szukaj: smartfon 256gb do 2000 - Ceneo,FILTER_REMOVED,10,10.0,normal,False,False,False,False,0,0,0,0,0,0,0,,,rapid_backtrack,"{""memory"": ""256GB""}",3,,,,Usunięto filtr brand.
evt_5d4145dc3a6b428daf33e61e8ecc0e2c,sess_0013_2f65fafa,22,2026-10-03T11:51:27.526000Z,,anon_7bf47042bd15,search,Szukaj: smartfon 256gb do 2000 - Ceneo,FILTER_APPLIED,12,2.0,normal,False,False,False,False,0,0,0,0,0,0,0,,,rapid_backtrack,"{""memory"": ""256GB"", ""price"": ""1000-1800""}",3,,,,Włączono filtr price = 1000-1800.
evt_003e2b0ce6e54ce0817ed58877c1b12e,sess_0013_2f65fafa,23,2026-10-03T11:51:29.948000Z,,anon_7bf47042bd15,search,Szukaj: smartfon 256gb do 2000 - Ceneo,FILTER_APPLIED,15,2.0,normal,False,False,False,False,0,0,0,0,0,0,0,,,rapid_backtrack,"{""memory"": ""256GB"", ""price"": ""1000-1800"", ""sort"": ""price_asc""}",3,,,,Włączono filtr sort = price_asc.
evt_9df1a6a86719470bac62994ad3f3048c,sess_0013_2f65fafa,24,2026-10-03T11:51:44.383000Z,,anon_7bf47042bd15,search,Szukaj: smartfon 256gb do 2000 - Ceneo,PRICE_COMPARISON_CLICK,29,14.0,hesitant,False,False,False,False,0,0,0,0,0,0,0,,,rapid_backtrack,"{""memory"": ""256GB"", ""price"": ""1000-1800"", ""sort"": ""price_asc""}",3,Google Pixel 8a 128GB,1899.0,,Kliknięto ofertę Google Pixel 8a 128GB.
evt_af605be580c44849baa24f6aa0211e37,sess_0013_2f65fafa,25,2026-10-03T11:51:44.974000Z,,anon_7bf47042bd15,product_details,Google Pixel 8a 128GB - Ceneo,PRODUCT_INSPECT,0,1.0,normal,False,False,False,False,0,0,0,0,0,0,0,,,rapid_backtrack,"{""memory"": ""256GB"", ""price"": ""1000-1800"", ""sort"": ""price_asc""}",4,Google Pixel 8a 128GB,1899.0,,Wejście w produkt Google Pixel 8a 128GB.
evt_641590ee128a4038a46d7d9aa29dd292,sess_0013_2f65fafa,26,2026-10-03T11:51:47.897000Z,,anon_7bf47042bd15,product_details,Google Pixel 8a 128GB - Ceneo,CLICK,3,3.0,normal,False,False,False,False,0,0,0,0,0,0,0,,,rapid_backtrack,"{""memory"": ""256GB"", ""price"": ""1000-1800"", ""sort"": ""price_asc""}",4,,,,Kliknięto 'Wróć do wyników' na stronie Google Pixel 8a 128GB - Ceneo.
evt_bb233b30bb774f4d9fd34b6a531c81ff,sess_0013_2f65fafa,27,2026-10-03T11:51:48.203000Z,,anon_7bf47042bd15,search,Szukaj: smartfon 256gb do 2000 - Ceneo,POGO_STICK_BOUNCE,0,0.0,rapid,False,False,False,True,0,0,0,0,0,0,0,,,rapid_backtrack,"{""memory"": ""256GB"", ""price"": ""1000-1800"", ""sort"": ""price_asc""}",4,,,,Szybki powrót do listy po 3s na karcie produktu.
evt_f2e1fa0a38ea4fc4a735c9fb83ccd9b7,sess_0013_2f65fafa,28,2026-10-03T11:52:03.931000Z,,anon_7bf47042bd15,search,Szukaj: smartfon 256gb do 2000 - Ceneo,FILTER_REMOVED,16,16.0,hesitant,False,False,False,False,0,0,0,0,0,0,0,,,rapid_backtrack,"{""memory"": ""256GB"", ""sort"": ""price_asc""}",4,,,,Usunięto filtr price.
evt_157a3d297a76414781044cd029c14337,sess_0013_2f65fafa,29,2026-10-03T11:52:05.507000Z,,anon_7bf47042bd15,search,Szukaj: smartfon 256gb do 2000 - Ceneo,FILTER_REMOVED,17,2.0,normal,False,False,False,False,0,0,0,0,0,0,0,,,rapid_backtrack,"{""sort"": ""price_asc""}",4,,,,Usunięto filtr memory.
evt_d55c68623b1d4955b7ff7b753028aa3a,sess_0014_b07aa066,1,2026-10-03T11:57:03.397000Z,usr_40340,anon_085b15fb4a8f,home,Ceneo - porównywarka cen,PAGE_VIEW,0,,normal,False,False,False,False,0,0,0,0,0,0,0,,,,,0,,,,Otwarto stronę Ceneo - porównywarka cen.
evt_bc806707089346a085048fc4dcb62284,sess_0014_b07aa066,2,2026-10-03T11:57:04.976000Z,usr_40340,anon_085b15fb4a8f,search,Szukaj: smartfon 256gb do 2000 - Ceneo,SEARCH_QUERY,2,2.0,normal,False,False,False,False,0,0,0,0,0,0,0,,,,,0,,,,"Wyszukano ""smartfon 256gb do 2000"" (42 wyników)."
evt_e7269a5a194d4e1facdce739a5e7939c,sess_0014_b07aa066,3,2026-10-03T11:57:04.976000Z,usr_40340,anon_085b15fb4a8f,search,Szukaj: smartfon 256gb do 2000 - Ceneo,PAGE_VIEW,0,0.0,rapid,False,False,False,False,0,0,0,0,0,0,0,,,,,0,,,,Otwarto stronę Szukaj: smartfon 256gb do 2000 - Ceneo.
evt_6836f7c876a1424f90323ea90bef5885,sess_0014_b07aa066,4,2026-10-03T11:57:07.983000Z,usr_40340,anon_085b15fb4a8f,search,Szukaj: smartfon 256gb do 2000 - Ceneo,FILTER_APPLIED,3,3.0,normal,False,False,False,False,0,0,0,0,0,0,0,,,,"{""brand"": ""Xiaomi""}",0,,,,Włączono filtr brand = Xiaomi.
evt_51b6b00a7d334c63a67661c12577d52e,sess_0014_b07aa066,5,2026-10-03T11:57:09.706000Z,usr_40340,anon_085b15fb4a8f,search,Szukaj: smartfon 256gb do 2000 - Ceneo,FILTER_APPLIED,5,2.0,normal,False,False,False,False,0,0,0,0,0,0,0,,,,"{""brand"": ""Xiaomi"", ""memory"": ""256GB""}",0,,,,Włączono filtr memory = 256GB.
evt_d05805a1b74046dd98f17f82a471e510,sess_0014_b07aa066,6,2026-10-03T11:57:11.976000Z,usr_40340,anon_085b15fb4a8f,search,Szukaj: smartfon 256gb do 2000 - Ceneo,PRICE_COMPARISON_CLICK,7,2.0,normal,False,False,False,False,0,0,0,0,0,0,0,,,,"{""brand"": ""Xiaomi"", ""memory"": ""256GB""}",0,Xiaomi Redmi Note 13 Pro 256GB,1299.0,,Kliknięto ofertę Xiaomi Redmi Note 13 Pro 256GB.
evt_7b2cb0f0b4d24534abcb00fabcdace15,sess_0014_b07aa066,7,2026-10-03T11:57:12.557000Z,usr_40340,anon_085b15fb4a8f,product_details,Xiaomi Redmi Note 13 Pro 256GB - Ceneo,PRODUCT_INSPECT,0,1.0,normal,False,False,False,False,0,0,0,0,0,0,0,,,,"{""brand"": ""Xiaomi"", ""memory"": ""256GB""}",1,Xiaomi Redmi Note 13 Pro 256GB,1299.0,,Wejście w produkt Xiaomi Redmi Note 13 Pro 256GB.
evt_d03fa55941d84f1d976efec22531aa20,sess_0014_b07aa066,8,2026-10-03T11:57:15.845000Z,usr_40340,anon_085b15fb4a8f,product_details,Xiaomi Redmi Note 13 Pro 256GB - Ceneo,SCROLL,3,3.0,normal,False,False,False,False,0,0,0,0,0,0,0,,,,"{""brand"": ""Xiaomi"", ""memory"": ""256GB""}",1,Xiaomi Redmi Note 13 Pro 256GB,1299.0,,Przewinięto stronę 'Xiaomi Redmi Note 13 Pro 256GB - Ceneo' do 445px.
evt_e1818aae03e644acae7260aa0ae4d28c,sess_0014_b07aa066,9,2026-10-03T11:57:16.275000Z,usr_40340,anon_085b15fb4a8f,product_details,Xiaomi Redmi Note 13 Pro 256GB - Ceneo,CLICK,4,0.0,rapid,False,False,False,False,0,0,0,0,0,0,0,,,,"{""brand"": ""Xiaomi"", ""memory"": ""256GB""}",1,,,,Kliknięto 'Wróć do wyników' na stronie Xiaomi Redmi Note 13 Pro 256GB - Ceneo.
evt_0f6a127589c74820b57ec8944c7471ee,sess_0014_b07aa066,10,2026-10-03T11:57:16.666000Z,usr_40340,anon_085b15fb4a8f,search,Szukaj: smartfon 256gb do 2000 - Ceneo,POGO_STICK_BOUNCE,0,0.0,rapid,False,False,False,True,0,0,0,0,0,0,0,,,rapid_backtrack,"{""brand"": ""Xiaomi"", ""memory"": ""256GB""}",1,,,,Szybki powrót do listy po 4s na karcie produktu.
evt_e4acdfea30014b269c407e83bd4ee6e3,sess_0014_b07aa066,11,2026-10-03T11:57:18.657000Z,usr_40340,anon_085b15fb4a8f,search,Szukaj: smartfon 256gb do 2000 - Ceneo,PRICE_COMPARISON_CLICK,2,2.0,normal,False,False,False,False,0,0,0,0,0,0,0,,,rapid_backtrack,"{""brand"": ""Xiaomi"", ""memory"": ""256GB""}",1,Poco X6 Pro 512GB,1599.0,,Kliknięto ofertę Poco X6 Pro 512GB.
evt_f1b87d60f479485bb03ddf8fba8406fa,sess_0014_b07aa066,12,2026-10-03T11:57:19.062000Z,usr_40340,anon_085b15fb4a8f,product_details,Poco X6 Pro 512GB - Ceneo,PRODUCT_INSPECT,0,0.0,rapid,False,False,False,False,0,0,0,0,0,0,0,,,rapid_backtrack,"{""brand"": ""Xiaomi"", ""memory"": ""256GB""}",2,Poco X6 Pro 512GB,1599.0,,Wejście w produkt Poco X6 Pro 512GB.
evt_10e6f838f9a94b718781b6b5849b8533,sess_0014_b07aa066,13,2026-10-03T11:57:22.910000Z,usr_40340,anon_085b15fb4a8f,product_details,Poco X6 Pro 512GB - Ceneo,SCROLL,4,4.0,normal,False,False,False,False,0,0,0,0,0,0,0,,,rapid_backtrack,"{""brand"": ""Xiaomi"", ""memory"": ""256GB""}",2,Poco X6 Pro 512GB,1599.0,,Przewinięto stronę 'Poco X6 Pro 512GB - Ceneo' do 578px.
evt_1ba74778da374a519c45d94b1ac41895,sess_0014_b07aa066,14,2026-10-03T11:57:23.586000Z,usr_40340,anon_085b15fb4a8f,product_details,Poco X6 Pro 512GB - Ceneo,CLICK,5,1.0,normal,False,False,False,False,0,0,0,0,0,0,0,,,rapid_backtrack,"{""brand"": ""Xiaomi"", ""memory"": ""256GB""}",2,,,,Kliknięto 'Wróć do wyników' na stronie Poco X6 Pro 512GB - Ceneo.
evt_997f170884414ccd944a9444477ff5f0,sess_0014_b07aa066,15,2026-10-03T11:57:23.939000Z,usr_40340,anon_085b15fb4a8f,search,Szukaj: smartfon 256gb do 2000 - Ceneo,POGO_STICK_BOUNCE,0,0.0,rapid,False,False,False,True,0,0,0,0,0,0,0,,,rapid_backtrack,"{""brand"": ""Xiaomi"", ""memory"": ""256GB""}",2,,,,Szybki powrót do listy po 4s na karcie produktu.
evt_49603c6954c647fa9a5c500e6118c57f,sess_0014_b07aa066,16,2026-10-03T11:57:26.223000Z,usr_40340,anon_085b15fb4a8f,search,Szukaj: smartfon 256gb do 2000 - Ceneo,PRICE_COMPARISON_CLICK,2,2.0,normal,False,False,False,False,0,0,0,0,0,0,0,,,rapid_backtrack,"{""brand"": ""Xiaomi"", ""memory"": ""256GB""}",2,Samsung Galaxy A55 5G 256GB,1799.0,,Kliknięto ofertę Samsung Galaxy A55 5G 256GB.
evt_4c5585bf46f54503b2b24dbd0610f6f5,sess_0014_b07aa066,17,2026-10-03T11:57:26.486000Z,usr_40340,anon_085b15fb4a8f,product_details,Samsung Galaxy A55 5G 256GB - Ceneo,PRODUCT_INSPECT,0,0.0,rapid,False,False,False,False,0,0,0,0,0,0,0,,,rapid_backtrack,"{""brand"": ""Xiaomi"", ""memory"": ""256GB""}",3,Samsung Galaxy A55 5G 256GB,1799.0,,Wejście w produkt Samsung Galaxy A55 5G 256GB.
evt_b161ef805a2c4ea487a5fc2cc6b51dd2,sess_0014_b07aa066,18,2026-10-03T11:57:29.623000Z,usr_40340,anon_085b15fb4a8f,product_details,Samsung Galaxy A55 5G 256GB - Ceneo,SCROLL,3,3.0,normal,False,False,False,False,0,0,0,0,0,0,0,,,rapid_backtrack,"{""brand"": ""Xiaomi"", ""memory"": ""256GB""}",3,Samsung Galaxy A55 5G 256GB,1799.0,,Przewinięto stronę 'Samsung Galaxy A55 5G 256GB - Ceneo' do 889px.
evt_793d70cd5c8443d8a53ce14ac571411d,sess_0014_b07aa066,19,2026-10-03T11:57:30.509000Z,usr_40340,anon_085b15fb4a8f,product_details,Samsung Galaxy A55 5G 256GB - Ceneo,CLICK,4,1.0,normal,False,False,False,False,0,0,0,0,0,0,0,,,rapid_backtrack,"{""brand"": ""Xiaomi"", ""memory"": ""256GB""}",3,,,,Kliknięto 'Wróć do wyników' na stronie Samsung Galaxy A55 5G 256GB - Ceneo.
evt_faba15e4c5e2439dbf8156f0482e2cd2,sess_0014_b07aa066,20,2026-10-03T11:57:30.719000Z,usr_40340,anon_085b15fb4a8f,search,Szukaj: smartfon 256gb do 2000 - Ceneo,POGO_STICK_BOUNCE,0,0.0,rapid,False,False,False,True,0,0,0,0,0,0,0,,,rapid_backtrack,"{""brand"": ""Xiaomi"", ""memory"": ""256GB""}",3,,,,Szybki powrót do listy po 4s na karcie produktu.
evt_e8b95a75b2e048fa99d19037eff009b4,sess_0014_b07aa066,21,2026-10-03T11:57:44.914000Z,usr_40340,anon_085b15fb4a8f,search,Szukaj: smartfon 256gb do 2000 - Ceneo,FILTER_REMOVED,14,14.0,hesitant,False,False,False,False,0,0,0,0,0,0,0,,,rapid_backtrack,"{""memory"": ""256GB""}",3,,,,Usunięto filtr brand.
evt_412b13cf11d54066b4fb02faa2070b1b,sess_0014_b07aa066,22,2026-10-03T11:57:47.077000Z,usr_40340,anon_085b15fb4a8f,search,Szukaj: smartfon 256gb do 2000 - Ceneo,FILTER_APPLIED,16,2.0,normal,False,False,False,False,0,0,0,0,0,0,0,,,rapid_backtrack,"{""memory"": ""256GB"", ""price"": ""1000-1800""}",3,,,,Włączono filtr price = 1000-1800.
evt_fd92098ffa0a43e293a89dabc5399f3b,sess_0014_b07aa066,23,2026-10-03T11:57:49.911000Z,usr_40340,anon_085b15fb4a8f,search,Szukaj: smartfon 256gb do 2000 - Ceneo,FILTER_APPLIED,19,3.0,normal,False,False,False,False,0,0,0,0,0,0,0,,,rapid_backtrack,"{""memory"": ""256GB"", ""price"": ""1000-1800"", ""sort"": ""price_asc""}",3,,,,Włączono filtr sort = price_asc.
evt_544e0edf7f0f4d8e976c640ce1ed5ee4,sess_0014_b07aa066,24,2026-10-03T11:58:04.189000Z,usr_40340,anon_085b15fb4a8f,search,Szukaj: smartfon 256gb do 2000 - Ceneo,PRICE_COMPARISON_CLICK,33,14.0,hesitant,False,False,False,False,0,0,0,0,0,0,0,,,rapid_backtrack,"{""memory"": ""256GB"", ""price"": ""1000-1800"", ""sort"": ""price_asc""}",3,Apple iPhone 15 128GB,3499.0,,Kliknięto ofertę Apple iPhone 15 128GB.
evt_e24cf53a09944771a1912c2636b4e6f4,sess_0014_b07aa066,25,2026-10-03T11:58:04.814000Z,usr_40340,anon_085b15fb4a8f,product_details,Apple iPhone 15 128GB - Ceneo,PRODUCT_INSPECT,0,1.0,normal,False,False,False,False,0,0,0,0,0,0,0,,,rapid_backtrack,"{""memory"": ""256GB"", ""price"": ""1000-1800"", ""sort"": ""price_asc""}",4,Apple iPhone 15 128GB,3499.0,,Wejście w produkt Apple iPhone 15 128GB.
evt_28c84dc3a55a4f6d9c0ad13ab6b3f2e4,sess_0014_b07aa066,26,2026-10-03T11:58:07.800000Z,usr_40340,anon_085b15fb4a8f,product_details,Apple iPhone 15 128GB - Ceneo,CLICK,3,3.0,normal,False,False,False,False,0,0,0,0,0,0,0,,,rapid_backtrack,"{""memory"": ""256GB"", ""price"": ""1000-1800"", ""sort"": ""price_asc""}",4,,,,Kliknięto 'Wróć do wyników' na stronie Apple iPhone 15 128GB - Ceneo.
evt_d1483a7ff92843c4a54d992244814575,sess_0014_b07aa066,27,2026-10-03T11:58:08.170000Z,usr_40340,anon_085b15fb4a8f,search,Szukaj: smartfon 256gb do 2000 - Ceneo,POGO_STICK_BOUNCE,0,0.0,rapid,False,False,False,True,0,0,0,0,0,0,0,,,rapid_backtrack,"{""memory"": ""256GB"", ""price"": ""1000-1800"", ""sort"": ""price_asc""}",4,,,,Szybki powrót do listy po 3s na karcie produktu.
evt_ddf3865138044e468219229ec6610779,sess_0014_b07aa066,28,2026-10-03T11:58:27.659000Z,usr_40340,anon_085b15fb4a8f,search,Szukaj: smartfon 256gb do 2000 - Ceneo,FILTER_REMOVED,19,19.0,hesitant,False,False,False,False,0,0,0,0,0,0,0,,,rapid_backtrack,"{""memory"": ""256GB"", ""sort"": ""price_asc""}",4,,,,Usunięto filtr price.
evt_46e0e0f98f9c4a05b676bc21627f869c,sess_0014_b07aa066,29,2026-10-03T11:58:28.723000Z,usr_40340,anon_085b15fb4a8f,search,Szukaj: smartfon 256gb do 2000 - Ceneo,FILTER_REMOVED,21,1.0,normal,False,False,False,False,0,0,0,0,0,0,0,,,rapid_backtrack,"{""sort"": ""price_asc""}",4,,,,Usunięto filtr memory.
evt_7864c52ad62645ed93f0f500f539911b,sess_0015_8cd321b0,1,2026-10-03T12:07:47.379000Z,,anon_50843242168b,home,Ceneo - porównywarka cen,PAGE_VIEW,0,,normal,False,False,False,False,0,0,0,0,0,0,0,,,,,0,,,,Otwarto stronę Ceneo - porównywarka cen.
evt_5614d6e0670440049c750cd0903a2536,sess_0015_8cd321b0,2,2026-10-03T12:07:48.616000Z,,anon_50843242168b,search,Szukaj: smartfon 256gb do 2000 - Ceneo,SEARCH_QUERY,1,1.0,normal,False,False,False,False,0,0,0,0,0,0,0,,,,,0,,,,"Wyszukano ""smartfon 256gb do 2000"" (42 wyników)."
evt_99064b0d27ef4b26a415ab406ec04dc5,sess_0015_8cd321b0,3,2026-10-03T12:07:48.616000Z,,anon_50843242168b,search,Szukaj: smartfon 256gb do 2000 - Ceneo,PAGE_VIEW,0,0.0,rapid,False,False,False,False,0,0,0,0,0,0,0,,,,,0,,,,Otwarto stronę Szukaj: smartfon 256gb do 2000 - Ceneo.
evt_8449e20f5c9b46678bac674b286fe0b5,sess_0015_8cd321b0,4,2026-10-03T12:07:50.527000Z,,anon_50843242168b,search,Szukaj: smartfon 256gb do 2000 - Ceneo,FILTER_APPLIED,2,2.0,normal,False,False,False,False,0,0,0,0,0,0,0,,,,"{""brand"": ""Xiaomi""}",0,,,,Włączono filtr brand = Xiaomi.
evt_dd2d7caa9ff54262ab1220629fd151ff,sess_0015_8cd321b0,5,2026-10-03T12:07:51.957000Z,,anon_50843242168b,search,Szukaj: smartfon 256gb do 2000 - Ceneo,FILTER_APPLIED,3,1.0,normal,False,False,False,False,0,0,0,0,0,0,0,,,,"{""brand"": ""Xiaomi"", ""memory"": ""256GB""}",0,,,,Włączono filtr memory = 256GB.
evt_0fd5825cb85b455caeaeb64f96a0591c,sess_0015_8cd321b0,6,2026-10-03T12:07:54.632000Z,,anon_50843242168b,search,Szukaj: smartfon 256gb do 2000 - Ceneo,PRICE_COMPARISON_CLICK,6,3.0,normal,False,False,False,False,0,0,0,0,0,0,0,,,,"{""brand"": ""Xiaomi"", ""memory"": ""256GB""}",0,Nothing Phone (2a) 256GB,1449.0,,Kliknięto ofertę Nothing Phone (2a) 256GB.
evt_74bf4623a94849ca9551a81b3a0f0d25,sess_0015_8cd321b0,7,2026-10-03T12:07:54.908000Z,,anon_50843242168b,product_details,Nothing Phone (2a) 256GB - Ceneo,PRODUCT_INSPECT,0,0.0,rapid,False,False,False,False,0,0,0,0,0,0,0,,,,"{""brand"": ""Xiaomi"", ""memory"": ""256GB""}",1,Nothing Phone (2a) 256GB,1449.0,,Wejście w produkt Nothing Phone (2a) 256GB.
evt_4a7cad2c9bfb403da09c9b281a0cac16,sess_0015_8cd321b0,8,2026-10-03T12:07:58.201000Z,,anon_50843242168b,product_details,Nothing Phone (2a) 256GB - Ceneo,SCROLL,3,3.0,normal,False,False,False,False,0,0,0,0,0,0,0,,,,"{""brand"": ""Xiaomi"", ""memory"": ""256GB""}",1,Nothing Phone (2a) 256GB,1449.0,,Przewinięto stronę 'Nothing Phone (2a) 256GB - Ceneo' do 862px.
evt_e34c483bf1584c04b4261b06e323a565,sess_0015_8cd321b0,9,2026-10-03T12:07:59.075000Z,,anon_50843242168b,product_details,Nothing Phone (2a) 256GB - Ceneo,CLICK,4,1.0,normal,False,False,False,False,0,0,0,0,0,0,0,,,,"{""brand"": ""Xiaomi"", ""memory"": ""256GB""}",1,,,,Kliknięto 'Wróć do wyników' na stronie Nothing Phone (2a) 256GB - Ceneo.
evt_d75cfdf0e8c44e509c6197d69b283756,sess_0015_8cd321b0,10,2026-10-03T12:07:59.399000Z,,anon_50843242168b,search,Szukaj: smartfon 256gb do 2000 - Ceneo,POGO_STICK_BOUNCE,0,0.0,rapid,False,False,False,True,0,0,0,0,0,0,0,,,rapid_backtrack,"{""brand"": ""Xiaomi"", ""memory"": ""256GB""}",1,,,,Szybki powrót do listy po 4s na karcie produktu.
evt_326fd3a9f0574528b432c96ea2c39466,sess_0015_8cd321b0,11,2026-10-03T12:08:00.858000Z,,anon_50843242168b,search,Szukaj: smartfon 256gb do 2000 - Ceneo,PRICE_COMPARISON_CLICK,1,1.0,normal,False,False,False,False,0,0,0,0,0,0,0,,,rapid_backtrack,"{""brand"": ""Xiaomi"", ""memory"": ""256GB""}",1,Xiaomi Redmi Note 13 Pro 256GB,1299.0,,Kliknięto ofertę Xiaomi Redmi Note 13 Pro 256GB.
evt_d422995c129043d8bf645cf2a3c18c9c,sess_0015_8cd321b0,12,2026-10-03T12:08:01.189000Z,,anon_50843242168b,product_details,Xiaomi Redmi Note 13 Pro 256GB - Ceneo,PRODUCT_INSPECT,0,0.0,rapid,False,False,False,False,0,0,0,0,0,0,0,,,rapid_backtrack,"{""brand"": ""Xiaomi"", ""memory"": ""256GB""}",2,Xiaomi Redmi Note 13 Pro 256GB,1299.0,,Wejście w produkt Xiaomi Redmi Note 13 Pro 256GB.
evt_b179ce34c21445ff9c550807cfc5225f,sess_0015_8cd321b0,13,2026-10-03T12:08:05.645000Z,,anon_50843242168b,product_details,Xiaomi Redmi Note 13 Pro 256GB - Ceneo,SCROLL,4,4.0,normal,False,False,False,False,0,0,0,0,0,0,0,,,rapid_backtrack,"{""brand"": ""Xiaomi"", ""memory"": ""256GB""}",2,Xiaomi Redmi Note 13 Pro 256GB,1299.0,,Przewinięto stronę 'Xiaomi Redmi Note 13 Pro 256GB - Ceneo' do 314px.
evt_0f9fa7af3fe5441797fe84737e0cf1e4,sess_0015_8cd321b0,14,2026-10-03T12:08:06.253000Z,,anon_50843242168b,product_details,Xiaomi Redmi Note 13 Pro 256GB - Ceneo,CLICK,5,1.0,normal,False,False,False,False,0,0,0,0,0,0,0,,,rapid_backtrack,"{""brand"": ""Xiaomi"", ""memory"": ""256GB""}",2,,,,Kliknięto 'Wróć do wyników' na stronie Xiaomi Redmi Note 13 Pro 256GB - Ceneo.
evt_4b3da55012474bf4bc0bc585f52898bb,sess_0015_8cd321b0,15,2026-10-03T12:08:06.571000Z,,anon_50843242168b,search,Szukaj: smartfon 256gb do 2000 - Ceneo,POGO_STICK_BOUNCE,0,0.0,rapid,False,False,False,True,0,0,0,0,0,0,0,,,rapid_backtrack,"{""brand"": ""Xiaomi"", ""memory"": ""256GB""}",2,,,,Szybki powrót do listy po 5s na karcie produktu.
evt_bb39ecaa7f4140c3ae5a8491c5662788,sess_0015_8cd321b0,16,2026-10-03T12:08:09.297000Z,,anon_50843242168b,search,Szukaj: smartfon 256gb do 2000 - Ceneo,PRICE_COMPARISON_CLICK,3,3.0,normal,False,False,False,False,0,0,0,0,0,0,0,,,rapid_backtrack,"{""brand"": ""Xiaomi"", ""memory"": ""256GB""}",2,Apple iPhone 15 128GB,3499.0,,Kliknięto ofertę Apple iPhone 15 128GB.
evt_95463eca6fc7435cbf5219e4dd855ea9,sess_0015_8cd321b0,17,2026-10-03T12:08:09.696000Z,,anon_50843242168b,product_details,Apple iPhone 15 128GB - Ceneo,PRODUCT_INSPECT,0,0.0,rapid,False,False,False,False,0,0,0,0,0,0,0,,,rapid_backtrack,"{""brand"": ""Xiaomi"", ""memory"": ""256GB""}",3,Apple iPhone 15 128GB,3499.0,,Wejście w produkt Apple iPhone 15 128GB.
evt_723961459fd241bbbdf42eb8a0162fdb,sess_0015_8cd321b0,18,2026-10-03T12:08:13.015000Z,,anon_50843242168b,product_details,Apple iPhone 15 128GB - Ceneo,SCROLL,3,3.0,normal,False,False,False,False,0,0,0,0,0,0,0,,,rapid_backtrack,"{""brand"": ""Xiaomi"", ""memory"": ""256GB""}",3,Apple iPhone 15 128GB,3499.0,,Przewinięto stronę 'Apple iPhone 15 128GB - Ceneo' do 725px.
evt_1325b657f74549c48b4a528c721e2c45,sess_0015_8cd321b0,19,2026-10-03T12:08:13.656000Z,,anon_50843242168b,product_details,Apple iPhone 15 128GB - Ceneo,CLICK,4,1.0,normal,False,False,False,False,0,0,0,0,0,0,0,,,rapid_backtrack,"{""brand"": ""Xiaomi"", ""memory"": ""256GB""}",3,,,,Kliknięto 'Wróć do wyników' na stronie Apple iPhone 15 128GB - Ceneo.
evt_2e79feef5f2440c6bdf8b495ca297a0d,sess_0015_8cd321b0,20,2026-10-03T12:08:13.893000Z,,anon_50843242168b,search,Szukaj: smartfon 256gb do 2000 - Ceneo,POGO_STICK_BOUNCE,0,0.0,rapid,False,False,False,True,0,0,0,0,0,0,0,,,rapid_backtrack,"{""brand"": ""Xiaomi"", ""memory"": ""256GB""}",3,,,,Szybki powrót do listy po 4s na karcie produktu.
evt_923cb388f6b5418b94c969543f7c2ba7,sess_0015_8cd321b0,21,2026-10-03T12:08:23.454000Z,,anon_50843242168b,search,Szukaj: smartfon 256gb do 2000 - Ceneo,FILTER_REMOVED,10,10.0,normal,False,False,False,False,0,0,0,0,0,0,0,,,rapid_backtrack,"{""memory"": ""256GB""}",3,,,,Usunięto filtr brand.
evt_48fc2d82f1f048ee962b5c176c80acc0,sess_0015_8cd321b0,22,2026-10-03T12:08:25.694000Z,,anon_50843242168b,search,Szukaj: smartfon 256gb do 2000 - Ceneo,FILTER_APPLIED,12,2.0,normal,False,False,False,False,0,0,0,0,0,0,0,,,rapid_backtrack,"{""memory"": ""256GB"", ""price"": ""1000-1800""}",3,,,,Włączono filtr price = 1000-1800.
evt_a2d3216cbcdc49d69047d45a3131f027,sess_0015_8cd321b0,23,2026-10-03T12:08:27.473000Z,,anon_50843242168b,search,Szukaj: smartfon 256gb do 2000 - Ceneo,FILTER_APPLIED,14,2.0,normal,False,False,False,False,0,0,0,0,0,0,0,,,rapid_backtrack,"{""memory"": ""256GB"", ""price"": ""1000-1800"", ""sort"": ""price_asc""}",3,,,,Włączono filtr sort = price_asc.
evt_943a88cf324f4fb3b5bc6f99eca383c8,sess_0015_8cd321b0,24,2026-10-03T12:08:41.736000Z,,anon_50843242168b,search,Szukaj: smartfon 256gb do 2000 - Ceneo,PRICE_COMPARISON_CLICK,28,14.0,hesitant,False,False,False,False,0,0,0,0,0,0,0,,,rapid_backtrack,"{""memory"": ""256GB"", ""price"": ""1000-1800"", ""sort"": ""price_asc""}",3,Poco X6 Pro 512GB,1599.0,,Kliknięto ofertę Poco X6 Pro 512GB.
evt_49c877a604d946f794047ebf205173cc,sess_0015_8cd321b0,25,2026-10-03T12:08:42.295000Z,,anon_50843242168b,product_details,Poco X6 Pro 512GB - Ceneo,PRODUCT_INSPECT,0,1.0,normal,False,False,False,False,0,0,0,0,0,0,0,,,rapid_backtrack,"{""memory"": ""256GB"", ""price"": ""1000-1800"", ""sort"": ""price_asc""}",4,Poco X6 Pro 512GB,1599.0,,Wejście w produkt Poco X6 Pro 512GB.
evt_0e874fd3c5cd4f05b7b5aa1d6a9ce620,sess_0015_8cd321b0,26,2026-10-03T12:08:46.775000Z,,anon_50843242168b,product_details,Poco X6 Pro 512GB - Ceneo,CLICK,4,4.0,normal,False,False,False,False,0,0,0,0,0,0,0,,,rapid_backtrack,"{""memory"": ""256GB"", ""price"": ""1000-1800"", ""sort"": ""price_asc""}",4,,,,Kliknięto 'Wróć do wyników' na stronie Poco X6 Pro 512GB - Ceneo.
evt_294ecffbef024006b65fbc22a8cbd218,sess_0015_8cd321b0,27,2026-10-03T12:08:47.127000Z,,anon_50843242168b,search,Szukaj: smartfon 256gb do 2000 - Ceneo,POGO_STICK_BOUNCE,0,0.0,rapid,False,False,False,True,0,0,0,0,0,0,0,,,rapid_backtrack,"{""memory"": ""256GB"", ""price"": ""1000-1800"", ""sort"": ""price_asc""}",4,,,,Szybki powrót do listy po 4s na karcie produktu.
evt_24be0ae2dd6041b18ea392180dcf0ff1,sess_0015_8cd321b0,28,2026-10-03T12:09:05.877000Z,,anon_50843242168b,search,Szukaj: smartfon 256gb do 2000 - Ceneo,FILTER_REMOVED,19,19.0,hesitant,False,False,False,False,0,0,0,0,0,0,0,,,rapid_backtrack,"{""memory"": ""256GB"", ""sort"": ""price_asc""}",4,,,,Usunięto filtr price.
evt_f3fa91e3a72c46758d03e90abee8da9c,sess_0015_8cd321b0,29,2026-10-03T12:09:07.278000Z,,anon_50843242168b,search,Szukaj: smartfon 256gb do 2000 - Ceneo,FILTER_REMOVED,20,1.0,normal,False,False,False,False,0,0,0,0,0,0,0,,,rapid_backtrack,"{""sort"": ""price_asc""}",4,,,,Usunięto filtr memory.
evt_79436a31d1f1444782211fa68932c3f7,sess_0016_749176f4,1,2026-10-03T12:19:21.542000Z,usr_41300,anon_304b8590de9e,home,Ceneo - porównywarka cen,PAGE_VIEW,0,,normal,False,False,False,False,0,0,0,0,0,0,0,,,,,0,,,,Otwarto stronę Ceneo - porównywarka cen.
evt_2f65a5ce8ed144acbf6619bc280ff37e,sess_0016_749176f4,2,2026-10-03T12:19:23.020000Z,usr_41300,anon_304b8590de9e,search,Szukaj: smartfon 256gb do 2000 - Ceneo,SEARCH_QUERY,1,1.0,normal,False,False,False,False,0,0,0,0,0,0,0,,,,,0,,,,"Wyszukano ""smartfon 256gb do 2000"" (42 wyników)."
evt_31a138d93c0140378d88839b0d7012a1,sess_0016_749176f4,3,2026-10-03T12:19:23.020000Z,usr_41300,anon_304b8590de9e,search,Szukaj: smartfon 256gb do 2000 - Ceneo,PAGE_VIEW,0,0.0,rapid,False,False,False,False,0,0,0,0,0,0,0,,,,,0,,,,Otwarto stronę Szukaj: smartfon 256gb do 2000 - Ceneo.
evt_1264c70903d24f398300b0f3e9dac039,sess_0016_749176f4,4,2026-10-03T12:19:25.600000Z,usr_41300,anon_304b8590de9e,search,Szukaj: smartfon 256gb do 2000 - Ceneo,FILTER_APPLIED,3,3.0,normal,False,False,False,False,0,0,0,0,0,0,0,,,,"{""brand"": ""Xiaomi""}",0,,,,Włączono filtr brand = Xiaomi.
evt_33ea0eb23f1643fe8161764950bb9c39,sess_0016_749176f4,5,2026-10-03T12:19:27.179000Z,usr_41300,anon_304b8590de9e,search,Szukaj: smartfon 256gb do 2000 - Ceneo,FILTER_APPLIED,4,2.0,normal,False,False,False,False,0,0,0,0,0,0,0,,,,"{""brand"": ""Xiaomi"", ""memory"": ""256GB""}",0,,,,Włączono filtr memory = 256GB.
evt_6846e1484d484cbf8c1106609b7b042d,sess_0016_749176f4,6,2026-10-03T12:19:29.914000Z,usr_41300,anon_304b8590de9e,search,Szukaj: smartfon 256gb do 2000 - Ceneo,PRICE_COMPARISON_CLICK,7,3.0,normal,False,False,False,False,0,0,0,0,0,0,0,,,,"{""brand"": ""Xiaomi"", ""memory"": ""256GB""}",0,Xiaomi Redmi Note 13 Pro 256GB,1299.0,,Kliknięto ofertę Xiaomi Redmi Note 13 Pro 256GB.
evt_d051b3bde426461d94706f2efe6610f6,sess_0016_749176f4,7,2026-10-03T12:19:30.228000Z,usr_41300,anon_304b8590de9e,product_details,Xiaomi Redmi Note 13 Pro 256GB - Ceneo,PRODUCT_INSPECT,0,0.0,rapid,False,False,False,False,0,0,0,0,0,0,0,,,,"{""brand"": ""Xiaomi"", ""memory"": ""256GB""}",1,Xiaomi Redmi Note 13 Pro 256GB,1299.0,,Wejście w produkt Xiaomi Redmi Note 13 Pro 256GB.
evt_04d2d99baee84a1885d73084a4d15227,sess_0016_749176f4,8,2026-10-03T12:19:34.845000Z,usr_41300,anon_304b8590de9e,product_details,Xiaomi Redmi Note 13 Pro 256GB - Ceneo,SCROLL,5,5.0,normal,False,False,False,False,0,0,0,0,0,0,0,,,,"{""brand"": ""Xiaomi"", ""memory"": ""256GB""}",1,Xiaomi Redmi Note 13 Pro 256GB,1299.0,,Przewinięto stronę 'Xiaomi Redmi Note 13 Pro 256GB - Ceneo' do 639px.
evt_89d384a5f98f4a13a38eb91d4634cc8e,sess_0016_749176f4,9,2026-10-03T12:19:35.692000Z,usr_41300,anon_304b8590de9e,product_details,Xiaomi Redmi Note 13 Pro 256GB - Ceneo,CLICK,5,1.0,normal,False,False,False,False,0,0,0,0,0,0,0,,,,"{""brand"": ""Xiaomi"", ""memory"": ""256GB""}",1,,,,Kliknięto 'Wróć do wyników' na stronie Xiaomi Redmi Note 13 Pro 256GB - Ceneo.
evt_4fe3494d5c434590be7a811b71fa80f3,sess_0016_749176f4,10,2026-10-03T12:19:36.125000Z,usr_41300,anon_304b8590de9e,search,Szukaj: smartfon 256gb do 2000 - Ceneo,POGO_STICK_BOUNCE,0,0.0,rapid,False,False,False,True,0,0,0,0,0,0,0,,,rapid_backtrack,"{""brand"": ""Xiaomi"", ""memory"": ""256GB""}",1,,,,Szybki powrót do listy po 5s na karcie produktu.
evt_f4830acd47ab4de3bae3e1773c56869c,sess_0016_749176f4,11,2026-10-03T12:19:37.556000Z,usr_41300,anon_304b8590de9e,search,Szukaj: smartfon 256gb do 2000 - Ceneo,PRICE_COMPARISON_CLICK,1,1.0,normal,False,False,False,False,0,0,0,0,0,0,0,,,rapid_backtrack,"{""brand"": ""Xiaomi"", ""memory"": ""256GB""}",1,Samsung Galaxy A55 5G 256GB,1799.0,,Kliknięto ofertę Samsung Galaxy A55 5G 256GB.
evt_026c66f78491474493205dd68d28c933,sess_0016_749176f4,12,2026-10-03T12:19:37.885000Z,usr_41300,anon_304b8590de9e,product_details,Samsung Galaxy A55 5G 256GB - Ceneo,PRODUCT_INSPECT,0,0.0,rapid,False,False,False,False,0,0,0,0,0,0,0,,,rapid_backtrack,"{""brand"": ""Xiaomi"", ""memory"": ""256GB""}",2,Samsung Galaxy A55 5G 256GB,1799.0,,Wejście w produkt Samsung Galaxy A55 5G 256GB.
evt_31611aac2924426ba3a958c2010e8fea,sess_0016_749176f4,13,2026-10-03T12:19:42.008000Z,usr_41300,anon_304b8590de9e,product_details,Samsung Galaxy A55 5G 256GB - Ceneo,SCROLL,4,4.0,normal,False,False,False,False,0,0,0,0,0,0,0,,,rapid_backtrack,"{""brand"": ""Xiaomi"", ""memory"": ""256GB""}",2,Samsung Galaxy A55 5G 256GB,1799.0,,Przewinięto stronę 'Samsung Galaxy A55 5G 256GB - Ceneo' do 571px.
evt_fa9318bc14324d2eb1344b6699f08d44,sess_0016_749176f4,14,2026-10-03T12:19:42.727000Z,usr_41300,anon_304b8590de9e,product_details,Samsung Galaxy A55 5G 256GB - Ceneo,CLICK,5,1.0,normal,False,False,False,False,0,0,0,0,0,0,0,,,rapid_backtrack,"{""brand"": ""Xiaomi"", ""memory"": ""256GB""}",2,,,,Kliknięto 'Wróć do wyników' na stronie Samsung Galaxy A55 5G 256GB - Ceneo.
evt_a69680d386eb4e99852b474b7d9cc3e2,sess_0016_749176f4,15,2026-10-03T12:19:43.145000Z,usr_41300,anon_304b8590de9e,search,Szukaj: smartfon 256gb do 2000 - Ceneo,POGO_STICK_BOUNCE,0,0.0,rapid,False,False,False,True,0,0,0,0,0,0,0,,,rapid_backtrack,"{""brand"": ""Xiaomi"", ""memory"": ""256GB""}",2,,,,Szybki powrót do listy po 5s na karcie produktu.
evt_7d09fdbc76654ea691f5f07ff015ddfa,sess_0016_749176f4,16,2026-10-03T12:19:45.926000Z,usr_41300,anon_304b8590de9e,search,Szukaj: smartfon 256gb do 2000 - Ceneo,PRICE_COMPARISON_CLICK,3,3.0,normal,False,False,False,False,0,0,0,0,0,0,0,,,rapid_backtrack,"{""brand"": ""Xiaomi"", ""memory"": ""256GB""}",2,Apple iPhone 15 128GB,3499.0,,Kliknięto ofertę Apple iPhone 15 128GB.
evt_820c49aeb153405084584bf500ed37ff,sess_0016_749176f4,17,2026-10-03T12:19:46.496000Z,usr_41300,anon_304b8590de9e,product_details,Apple iPhone 15 128GB - Ceneo,PRODUCT_INSPECT,0,1.0,normal,False,False,False,False,0,0,0,0,0,0,0,,,rapid_backtrack,"{""brand"": ""Xiaomi"", ""memory"": ""256GB""}",3,Apple iPhone 15 128GB,3499.0,,Wejście w produkt Apple iPhone 15 128GB.
evt_5bedc01ba8f64d58829e6e3c1ee61664,sess_0016_749176f4,18,2026-10-03T12:19:50.694000Z,usr_41300,anon_304b8590de9e,product_details,Apple iPhone 15 128GB - Ceneo,SCROLL,4,4.0,normal,False,False,False,False,0,0,0,0,0,0,0,,,rapid_backtrack,"{""brand"": ""Xiaomi"", ""memory"": ""256GB""}",3,Apple iPhone 15 128GB,3499.0,,Przewinięto stronę 'Apple iPhone 15 128GB - Ceneo' do 854px.
evt_e71fd140bb444f748600b07d0a04be49,sess_0016_749176f4,19,2026-10-03T12:19:51.410000Z,usr_41300,anon_304b8590de9e,product_details,Apple iPhone 15 128GB - Ceneo,CLICK,5,1.0,normal,False,False,False,False,0,0,0,0,0,0,0,,,rapid_backtrack,"{""brand"": ""Xiaomi"", ""memory"": ""256GB""}",3,,,,Kliknięto 'Wróć do wyników' na stronie Apple iPhone 15 128GB - Ceneo.
evt_ae28f28509a84d77a6be7000b61b4fdf,sess_0016_749176f4,20,2026-10-03T12:19:51.785000Z,usr_41300,anon_304b8590de9e,search,Szukaj: smartfon 256gb do 2000 - Ceneo,POGO_STICK_BOUNCE,0,0.0,rapid,False,False,False,True,0,0,0,0,0,0,0,,,rapid_backtrack,"{""brand"": ""Xiaomi"", ""memory"": ""256GB""}",3,,,,Szybki powrót do listy po 5s na karcie produktu.
evt_3c24daf4e500435e8762c651e6c9e81a,sess_0016_749176f4,21,2026-10-03T12:20:01.648000Z,usr_41300,anon_304b8590de9e,search,Szukaj: smartfon 256gb do 2000 - Ceneo,FILTER_REMOVED,10,10.0,normal,False,False,False,False,0,0,0,0,0,0,0,,,rapid_backtrack,"{""memory"": ""256GB""}",3,,,,Usunięto filtr brand.
evt_b1a32482a117434a995b71fc3a447c6b,sess_0016_749176f4,22,2026-10-03T12:20:03.033000Z,usr_41300,anon_304b8590de9e,search,Szukaj: smartfon 256gb do 2000 - Ceneo,FILTER_APPLIED,11,1.0,normal,False,False,False,False,0,0,0,0,0,0,0,,,rapid_backtrack,"{""memory"": ""256GB"", ""price"": ""1000-1800""}",3,,,,Włączono filtr price = 1000-1800.
evt_b1dd0704b2184ea99d6ed6eed7a09e09,sess_0016_749176f4,23,2026-10-03T12:20:04.734000Z,usr_41300,anon_304b8590de9e,search,Szukaj: smartfon 256gb do 2000 - Ceneo,FILTER_APPLIED,13,2.0,normal,False,False,False,False,0,0,0,0,0,0,0,,,rapid_backtrack,"{""memory"": ""256GB"", ""price"": ""1000-1800"", ""sort"": ""price_asc""}",3,,,,Włączono filtr sort = price_asc.
evt_15ac4f8df5cd4cd59b39496325b8a706,sess_0016_749176f4,24,2026-10-03T12:20:21.925000Z,usr_41300,anon_304b8590de9e,search,Szukaj: smartfon 256gb do 2000 - Ceneo,PRICE_COMPARISON_CLICK,30,17.0,hesitant,False,False,False,False,0,0,0,0,0,0,0,,,rapid_backtrack,"{""memory"": ""256GB"", ""price"": ""1000-1800"", ""sort"": ""price_asc""}",3,Nothing Phone (2a) 256GB,1449.0,,Kliknięto ofertę Nothing Phone (2a) 256GB.
evt_a282caf66f1147f09509c7553d21e9e1,sess_0016_749176f4,25,2026-10-03T12:20:22.580000Z,usr_41300,anon_304b8590de9e,product_details,Nothing Phone (2a) 256GB - Ceneo,PRODUCT_INSPECT,0,1.0,normal,False,False,False,False,0,0,0,0,0,0,0,,,rapid_backtrack,"{""memory"": ""256GB"", ""price"": ""1000-1800"", ""sort"": ""price_asc""}",4,Nothing Phone (2a) 256GB,1449.0,,Wejście w produkt Nothing Phone (2a) 256GB.
evt_3830294397a04f4683c7be24ef66abd0,sess_0016_749176f4,26,2026-10-03T12:20:25.439000Z,usr_41300,anon_304b8590de9e,product_details,Nothing Phone (2a) 256GB - Ceneo,CLICK,3,3.0,normal,False,False,False,False,0,0,0,0,0,0,0,,,rapid_backtrack,"{""memory"": ""256GB"", ""price"": ""1000-1800"", ""sort"": ""price_asc""}",4,,,,Kliknięto 'Wróć do wyników' na stronie Nothing Phone (2a) 256GB - Ceneo.
evt_b37f234edbd647eca57f487e195d1967,sess_0016_749176f4,27,2026-10-03T12:20:25.789000Z,usr_41300,anon_304b8590de9e,search,Szukaj: smartfon 256gb do 2000 - Ceneo,POGO_STICK_BOUNCE,0,0.0,rapid,False,False,False,True,0,0,0,0,0,0,0,,,rapid_backtrack,"{""memory"": ""256GB"", ""price"": ""1000-1800"", ""sort"": ""price_asc""}",4,,,,Szybki powrót do listy po 3s na karcie produktu.
evt_1df11c4b30b24e3989026053f0b1f0df,sess_0016_749176f4,28,2026-10-03T12:20:42.859000Z,usr_41300,anon_304b8590de9e,search,Szukaj: smartfon 256gb do 2000 - Ceneo,FILTER_REMOVED,17,17.0,hesitant,False,False,False,False,0,0,0,0,0,0,0,,,rapid_backtrack,"{""memory"": ""256GB"", ""sort"": ""price_asc""}",4,,,,Usunięto filtr price.
evt_a41473d1f12845ea9d998277b2e0f092,sess_0016_749176f4,29,2026-10-03T12:20:43.908000Z,usr_41300,anon_304b8590de9e,search,Szukaj: smartfon 256gb do 2000 - Ceneo,FILTER_REMOVED,18,1.0,normal,False,False,False,False,0,0,0,0,0,0,0,,,rapid_backtrack,"{""sort"": ""price_asc""}",4,,,,Usunięto filtr memory.
evt_9fb7862a165945f38213f3091360404f,sess_0017_9c07a751,1,2026-10-03T12:31:47.373000Z,,anon_aee1e86b9ea5,home,Ceneo - porównywarka cen,PAGE_VIEW,0,,normal,False,False,False,False,0,0,0,0,0,0,0,,,,,0,,,,Otwarto stronę Ceneo - porównywarka cen.
evt_8280694b324a4f70a795a4dc158f3f02,sess_0017_9c07a751,2,2026-10-03T12:31:49.567000Z,,anon_aee1e86b9ea5,search,Szukaj: smartfon 256gb do 2000 - Ceneo,SEARCH_QUERY,2,2.0,normal,False,False,False,False,0,0,0,0,0,0,0,,,,,0,,,,"Wyszukano ""smartfon 256gb do 2000"" (42 wyników)."
evt_88bf9993a6bf4d6daa91f1374d08f5fa,sess_0017_9c07a751,3,2026-10-03T12:31:49.567000Z,,anon_aee1e86b9ea5,search,Szukaj: smartfon 256gb do 2000 - Ceneo,PAGE_VIEW,0,0.0,rapid,False,False,False,False,0,0,0,0,0,0,0,,,,,0,,,,Otwarto stronę Szukaj: smartfon 256gb do 2000 - Ceneo.
evt_00fc188bb1c84cdfbd1952733f581b46,sess_0017_9c07a751,4,2026-10-03T12:31:52.732000Z,,anon_aee1e86b9ea5,search,Szukaj: smartfon 256gb do 2000 - Ceneo,FILTER_APPLIED,3,3.0,normal,False,False,False,False,0,0,0,0,0,0,0,,,,"{""brand"": ""Xiaomi""}",0,,,,Włączono filtr brand = Xiaomi.
evt_bec996bd58284c9aad135e8cebd2f266,sess_0017_9c07a751,5,2026-10-03T12:31:54.455000Z,,anon_aee1e86b9ea5,search,Szukaj: smartfon 256gb do 2000 - Ceneo,FILTER_APPLIED,5,2.0,normal,False,False,False,False,0,0,0,0,0,0,0,,,,"{""brand"": ""Xiaomi"", ""memory"": ""256GB""}",0,,,,Włączono filtr memory = 256GB.
evt_57eebb99b2094e4b8a0335e4c14b9a45,sess_0017_9c07a751,6,2026-10-03T12:31:56.444000Z,,anon_aee1e86b9ea5,search,Szukaj: smartfon 256gb do 2000 - Ceneo,PRICE_COMPARISON_CLICK,7,2.0,normal,False,False,False,False,0,0,0,0,0,0,0,,,,"{""brand"": ""Xiaomi"", ""memory"": ""256GB""}",0,Apple iPhone 15 128GB,3499.0,,Kliknięto ofertę Apple iPhone 15 128GB.
evt_c15a657ab80940a08eb56dcf9eddaeb8,sess_0017_9c07a751,7,2026-10-03T12:31:56.920000Z,,anon_aee1e86b9ea5,product_details,Apple iPhone 15 128GB - Ceneo,PRODUCT_INSPECT,0,0.0,rapid,False,False,False,False,0,0,0,0,0,0,0,,,,"{""brand"": ""Xiaomi"", ""memory"": ""256GB""}",1,Apple iPhone 15 128GB,3499.0,,Wejście w produkt Apple iPhone 15 128GB.
evt_407f22a1c01f4028979bba0711a1ff6b,sess_0017_9c07a751,8,2026-10-03T12:32:01.526000Z,,anon_aee1e86b9ea5,product_details,Apple iPhone 15 128GB - Ceneo,SCROLL,5,5.0,normal,False,False,False,False,0,0,0,0,0,0,0,,,,"{""brand"": ""Xiaomi"", ""memory"": ""256GB""}",1,Apple iPhone 15 128GB,3499.0,,Przewinięto stronę 'Apple iPhone 15 128GB - Ceneo' do 606px.
evt_01061733aee64c62a0cea1d8396a3ba0,sess_0017_9c07a751,9,2026-10-03T12:32:02.418000Z,,anon_aee1e86b9ea5,product_details,Apple iPhone 15 128GB - Ceneo,CLICK,5,1.0,normal,False,False,False,False,0,0,0,0,0,0,0,,,,"{""brand"": ""Xiaomi"", ""memory"": ""256GB""}",1,,,,Kliknięto 'Wróć do wyników' na stronie Apple iPhone 15 128GB - Ceneo.
evt_9909ded7fbf14de4a82557f69de97f3e,sess_0017_9c07a751,10,2026-10-03T12:32:02.734000Z,,anon_aee1e86b9ea5,search,Szukaj: smartfon 256gb do 2000 - Ceneo,POGO_STICK_BOUNCE,0,0.0,rapid,False,False,False,True,0,0,0,0,0,0,0,,,rapid_backtrack,"{""brand"": ""Xiaomi"", ""memory"": ""256GB""}",1,,,,Szybki powrót do listy po 5s na karcie produktu.
evt_76f7c05a9ab249ce9299b6dfccab6511,sess_0017_9c07a751,11,2026-10-03T12:32:04.541000Z,,anon_aee1e86b9ea5,search,Szukaj: smartfon 256gb do 2000 - Ceneo,PRICE_COMPARISON_CLICK,2,2.0,normal,False,False,False,False,0,0,0,0,0,0,0,,,rapid_backtrack,"{""brand"": ""Xiaomi"", ""memory"": ""256GB""}",1,Samsung Galaxy A55 5G 256GB,1799.0,,Kliknięto ofertę Samsung Galaxy A55 5G 256GB.
evt_ca08c0cf47fb42a8b95e6a6cbfbac66f,sess_0017_9c07a751,12,2026-10-03T12:32:04.912000Z,,anon_aee1e86b9ea5,product_details,Samsung Galaxy A55 5G 256GB - Ceneo,PRODUCT_INSPECT,0,0.0,rapid,False,False,False,False,0,0,0,0,0,0,0,,,rapid_backtrack,"{""brand"": ""Xiaomi"", ""memory"": ""256GB""}",2,Samsung Galaxy A55 5G 256GB,1799.0,,Wejście w produkt Samsung Galaxy A55 5G 256GB.
evt_13f09c74186543cab4b7cf66b122044f,sess_0017_9c07a751,13,2026-10-03T12:32:09.454000Z,,anon_aee1e86b9ea5,product_details,Samsung Galaxy A55 5G 256GB - Ceneo,SCROLL,5,5.0,normal,False,False,False,False,0,0,0,0,0,0,0,,,rapid_backtrack,"{""brand"": ""Xiaomi"", ""memory"": ""256GB""}",2,Samsung Galaxy A55 5G 256GB,1799.0,,Przewinięto stronę 'Samsung Galaxy A55 5G 256GB - Ceneo' do 667px.
evt_5d4453f423b94a61a47c347b4c891371,sess_0017_9c07a751,14,2026-10-03T12:32:10.005000Z,,anon_aee1e86b9ea5,product_details,Samsung Galaxy A55 5G 256GB - Ceneo,CLICK,5,1.0,normal,False,False,False,False,0,0,0,0,0,0,0,,,rapid_backtrack,"{""brand"": ""Xiaomi"", ""memory"": ""256GB""}",2,,,,Kliknięto 'Wróć do wyników' na stronie Samsung Galaxy A55 5G 256GB - Ceneo.
evt_e963b38d22cc42e8b8b8a0cf8dc84f4b,sess_0017_9c07a751,15,2026-10-03T12:32:10.306000Z,,anon_aee1e86b9ea5,search,Szukaj: smartfon 256gb do 2000 - Ceneo,POGO_STICK_BOUNCE,0,0.0,rapid,False,False,False,True,0,0,0,0,0,0,0,,,rapid_backtrack,"{""brand"": ""Xiaomi"", ""memory"": ""256GB""}",2,,,,Szybki powrót do listy po 5s na karcie produktu.
evt_f916e5ff000e4368b5ce398ee448edcf,sess_0017_9c07a751,16,2026-10-03T12:32:11.722000Z,,anon_aee1e86b9ea5,search,Szukaj: smartfon 256gb do 2000 - Ceneo,PRICE_COMPARISON_CLICK,1,1.0,normal,False,False,False,False,0,0,0,0,0,0,0,,,rapid_backtrack,"{""brand"": ""Xiaomi"", ""memory"": ""256GB""}",2,Google Pixel 8a 128GB,1899.0,,Kliknięto ofertę Google Pixel 8a 128GB.
evt_c4a3a6a2b87c443eafbf646d0a54688e,sess_0017_9c07a751,17,2026-10-03T12:32:11.997000Z,,anon_aee1e86b9ea5,product_details,Google Pixel 8a 128GB - Ceneo,PRODUCT_INSPECT,0,0.0,rapid,False,False,False,False,0,0,0,0,0,0,0,,,rapid_backtrack,"{""brand"": ""Xiaomi"", ""memory"": ""256GB""}",3,Google Pixel 8a 128GB,1899.0,,Wejście w produkt Google Pixel 8a 128GB.
evt_f96a36fbae9943f19b6f87899deb164e,sess_0017_9c07a751,18,2026-10-03T12:32:16.231000Z,,anon_aee1e86b9ea5,product_details,Google Pixel 8a 128GB - Ceneo,SCROLL,4,4.0,normal,False,False,False,False,0,0,0,0,0,0,0,,,rapid_backtrack,"{""brand"": ""Xiaomi"", ""memory"": ""256GB""}",3,Google Pixel 8a 128GB,1899.0,,Przewinięto stronę 'Google Pixel 8a 128GB - Ceneo' do 593px.
evt_4253a45f48794cb39881300931283538,sess_0017_9c07a751,19,2026-10-03T12:32:17.040000Z,,anon_aee1e86b9ea5,product_details,Google Pixel 8a 128GB - Ceneo,CLICK,5,1.0,normal,False,False,False,False,0,0,0,0,0,0,0,,,rapid_backtrack,"{""brand"": ""Xiaomi"", ""memory"": ""256GB""}",3,,,,Kliknięto 'Wróć do wyników' na stronie Google Pixel 8a 128GB - Ceneo.
evt_34192858795e4953a2fb2319e66cdd7c,sess_0017_9c07a751,20,2026-10-03T12:32:17.296000Z,,anon_aee1e86b9ea5,search,Szukaj: smartfon 256gb do 2000 - Ceneo,POGO_STICK_BOUNCE,0,0.0,rapid,False,False,False,True,0,0,0,0,0,0,0,,,rapid_backtrack,"{""brand"": ""Xiaomi"", ""memory"": ""256GB""}",3,,,,Szybki powrót do listy po 5s na karcie produktu.
evt_00c44e1d033847b0aac94f8684c4ebb0,sess_0017_9c07a751,21,2026-10-03T12:32:26.853000Z,,anon_aee1e86b9ea5,search,Szukaj: smartfon 256gb do 2000 - Ceneo,FILTER_REMOVED,10,10.0,normal,False,False,False,False,0,0,0,0,0,0,0,,,rapid_backtrack,"{""memory"": ""256GB""}",3,,,,Usunięto filtr brand.
evt_53cef464633e4a5bab0256d96090e365,sess_0017_9c07a751,22,2026-10-03T12:32:28.566000Z,,anon_aee1e86b9ea5,search,Szukaj: smartfon 256gb do 2000 - Ceneo,FILTER_APPLIED,11,2.0,normal,False,False,False,False,0,0,0,0,0,0,0,,,rapid_backtrack,"{""memory"": ""256GB"", ""price"": ""1000-1800""}",3,,,,Włączono filtr price = 1000-1800.
evt_f0d254cb8c8c4eaa8b84cfa38cb95c4e,sess_0017_9c07a751,23,2026-10-03T12:32:31.542000Z,,anon_aee1e86b9ea5,search,Szukaj: smartfon 256gb do 2000 - Ceneo,FILTER_APPLIED,14,3.0,normal,False,False,False,False,0,0,0,0,0,0,0,,,rapid_backtrack,"{""memory"": ""256GB"", ""price"": ""1000-1800"", ""sort"": ""price_asc""}",3,,,,Włączono filtr sort = price_asc.
evt_e81f1fbf89ac4f50a1bc4f21ecc373af,sess_0017_9c07a751,24,2026-10-03T12:32:48.942000Z,,anon_aee1e86b9ea5,search,Szukaj: smartfon 256gb do 2000 - Ceneo,PRICE_COMPARISON_CLICK,32,17.0,hesitant,False,False,False,False,0,0,0,0,0,0,0,,,rapid_backtrack,"{""memory"": ""256GB"", ""price"": ""1000-1800"", ""sort"": ""price_asc""}",3,Poco X6 Pro 512GB,1599.0,,Kliknięto ofertę Poco X6 Pro 512GB.
evt_c4096446dd82441b9c077aba7f455dcb,sess_0017_9c07a751,25,2026-10-03T12:32:49.563000Z,,anon_aee1e86b9ea5,product_details,Poco X6 Pro 512GB - Ceneo,PRODUCT_INSPECT,0,1.0,normal,False,False,False,False,0,0,0,0,0,0,0,,,rapid_backtrack,"{""memory"": ""256GB"", ""price"": ""1000-1800"", ""sort"": ""price_asc""}",4,Poco X6 Pro 512GB,1599.0,,Wejście w produkt Poco X6 Pro 512GB.
evt_304eed98cde6401a84a6e641cc125235,sess_0017_9c07a751,26,2026-10-03T12:32:52.443000Z,,anon_aee1e86b9ea5,product_details,Poco X6 Pro 512GB - Ceneo,CLICK,3,3.0,normal,False,False,False,False,0,0,0,0,0,0,0,,,rapid_backtrack,"{""memory"": ""256GB"", ""price"": ""1000-1800"", ""sort"": ""price_asc""}",4,,,,Kliknięto 'Wróć do wyników' na stronie Poco X6 Pro 512GB - Ceneo.
evt_49008f445b7746e7becd8872e73390f3,sess_0017_9c07a751,27,2026-10-03T12:32:52.939000Z,,anon_aee1e86b9ea5,search,Szukaj: smartfon 256gb do 2000 - Ceneo,POGO_STICK_BOUNCE,0,0.0,rapid,False,False,False,True,0,0,0,0,0,0,0,,,rapid_backtrack,"{""memory"": ""256GB"", ""price"": ""1000-1800"", ""sort"": ""price_asc""}",4,,,,Szybki powrót do listy po 3s na karcie produktu.
evt_290357c230a94fca8ebf7b7a3c5993a4,sess_0017_9c07a751,28,2026-10-03T12:33:12.938000Z,,anon_aee1e86b9ea5,search,Szukaj: smartfon 256gb do 2000 - Ceneo,FILTER_REMOVED,20,20.0,hesitant,False,False,False,False,0,0,0,0,0,0,0,,,rapid_backtrack,"{""memory"": ""256GB"", ""sort"": ""price_asc""}",4,,,,Usunięto filtr price.
evt_8c1648964d9147dfab317ae5aa28d2b4,sess_0017_9c07a751,29,2026-10-03T12:33:13.930000Z,,anon_aee1e86b9ea5,search,Szukaj: smartfon 256gb do 2000 - Ceneo,FILTER_REMOVED,21,1.0,normal,False,False,False,False,0,0,0,0,0,0,0,,,rapid_backtrack,"{""sort"": ""price_asc""}",4,,,,Usunięto filtr memory.
evt_5e44e9bbccab487fbdc3762e887ebd6f,sess_0018_f8b38a8b,1,2026-10-03T12:41:34.675000Z,usr_45720,anon_e9da484a8075,home,Ceneo - porównywarka cen,PAGE_VIEW,0,,normal,False,False,False,False,0,0,0,0,0,0,0,,,,,0,,,,Otwarto stronę Ceneo - porównywarka cen.
evt_6e4dd3a61b64494488afdcc96ed9eb07,sess_0018_f8b38a8b,2,2026-10-03T12:41:36.201000Z,usr_45720,anon_e9da484a8075,search,Szukaj: smartfon 256gb do 2000 - Ceneo,SEARCH_QUERY,2,2.0,normal,False,False,False,False,0,0,0,0,0,0,0,,,,,0,,,,"Wyszukano ""smartfon 256gb do 2000"" (42 wyników)."
evt_d75acc290b55417a859528302d4ffa95,sess_0018_f8b38a8b,3,2026-10-03T12:41:36.201000Z,usr_45720,anon_e9da484a8075,search,Szukaj: smartfon 256gb do 2000 - Ceneo,PAGE_VIEW,0,0.0,rapid,False,False,False,False,0,0,0,0,0,0,0,,,,,0,,,,Otwarto stronę Szukaj: smartfon 256gb do 2000 - Ceneo.
evt_f0a347f63f9f4d0b8b1a798eedf55007,sess_0018_f8b38a8b,4,2026-10-03T12:41:38.155000Z,usr_45720,anon_e9da484a8075,search,Szukaj: smartfon 256gb do 2000 - Ceneo,FILTER_APPLIED,2,2.0,normal,False,False,False,False,0,0,0,0,0,0,0,,,,"{""brand"": ""Xiaomi""}",0,,,,Włączono filtr brand = Xiaomi.
evt_11a21e2f4b184712b9b098141c2d66b8,sess_0018_f8b38a8b,5,2026-10-03T12:41:39.827000Z,usr_45720,anon_e9da484a8075,search,Szukaj: smartfon 256gb do 2000 - Ceneo,FILTER_APPLIED,4,2.0,normal,False,False,False,False,0,0,0,0,0,0,0,,,,"{""brand"": ""Xiaomi"", ""memory"": ""256GB""}",0,,,,Włączono filtr memory = 256GB.
evt_7bbf5678056f4190b6767291e8a2a7fd,sess_0018_f8b38a8b,6,2026-10-03T12:41:42.612000Z,usr_45720,anon_e9da484a8075,search,Szukaj: smartfon 256gb do 2000 - Ceneo,PRICE_COMPARISON_CLICK,6,3.0,normal,False,False,False,False,0,0,0,0,0,0,0,,,,"{""brand"": ""Xiaomi"", ""memory"": ""256GB""}",0,Google Pixel 8a 128GB,1899.0,,Kliknięto ofertę Google Pixel 8a 128GB.
evt_3602067b453c4d9087fae10929f5cd46,sess_0018_f8b38a8b,7,2026-10-03T12:41:42.908000Z,usr_45720,anon_e9da484a8075,product_details,Google Pixel 8a 128GB - Ceneo,PRODUCT_INSPECT,0,0.0,rapid,False,False,False,False,0,0,0,0,0,0,0,,,,"{""brand"": ""Xiaomi"", ""memory"": ""256GB""}",1,Google Pixel 8a 128GB,1899.0,,Wejście w produkt Google Pixel 8a 128GB.
evt_c06eab3d639a458fa3597e8955f9aaa7,sess_0018_f8b38a8b,8,2026-10-03T12:41:46.724000Z,usr_45720,anon_e9da484a8075,product_details,Google Pixel 8a 128GB - Ceneo,SCROLL,4,4.0,normal,False,False,False,False,0,0,0,0,0,0,0,,,,"{""brand"": ""Xiaomi"", ""memory"": ""256GB""}",1,Google Pixel 8a 128GB,1899.0,,Przewinięto stronę 'Google Pixel 8a 128GB - Ceneo' do 314px.
evt_d449759863e44dab8c8bbc847c02d564,sess_0018_f8b38a8b,9,2026-10-03T12:41:47.398000Z,usr_45720,anon_e9da484a8075,product_details,Google Pixel 8a 128GB - Ceneo,CLICK,4,1.0,normal,False,False,False,False,0,0,0,0,0,0,0,,,,"{""brand"": ""Xiaomi"", ""memory"": ""256GB""}",1,,,,Kliknięto 'Wróć do wyników' na stronie Google Pixel 8a 128GB - Ceneo.
evt_b2551d29d20948f7a24cff882ed97e91,sess_0018_f8b38a8b,10,2026-10-03T12:41:47.770000Z,usr_45720,anon_e9da484a8075,search,Szukaj: smartfon 256gb do 2000 - Ceneo,POGO_STICK_BOUNCE,0,0.0,rapid,False,False,False,True,0,0,0,0,0,0,0,,,rapid_backtrack,"{""brand"": ""Xiaomi"", ""memory"": ""256GB""}",1,,,,Szybki powrót do listy po 4s na karcie produktu.
evt_88a95eeda2bf4226943527ed1658ae62,sess_0018_f8b38a8b,11,2026-10-03T12:41:50.546000Z,usr_45720,anon_e9da484a8075,search,Szukaj: smartfon 256gb do 2000 - Ceneo,PRICE_COMPARISON_CLICK,3,3.0,normal,False,False,False,False,0,0,0,0,0,0,0,,,rapid_backtrack,"{""brand"": ""Xiaomi"", ""memory"": ""256GB""}",1,Samsung Galaxy A55 5G 256GB,1799.0,,Kliknięto ofertę Samsung Galaxy A55 5G 256GB.
evt_805bd0a0c25b49d7b652fb8cd791d937,sess_0018_f8b38a8b,12,2026-10-03T12:41:51.122000Z,usr_45720,anon_e9da484a8075,product_details,Samsung Galaxy A55 5G 256GB - Ceneo,PRODUCT_INSPECT,0,1.0,normal,False,False,False,False,0,0,0,0,0,0,0,,,rapid_backtrack,"{""brand"": ""Xiaomi"", ""memory"": ""256GB""}",2,Samsung Galaxy A55 5G 256GB,1799.0,,Wejście w produkt Samsung Galaxy A55 5G 256GB.
evt_e52a49c84a734c7189278f2668951e94,sess_0018_f8b38a8b,13,2026-10-03T12:41:53.765000Z,usr_45720,anon_e9da484a8075,product_details,Samsung Galaxy A55 5G 256GB - Ceneo,SCROLL,3,3.0,normal,False,False,False,False,0,0,0,0,0,0,0,,,rapid_backtrack,"{""brand"": ""Xiaomi"", ""memory"": ""256GB""}",2,Samsung Galaxy A55 5G 256GB,1799.0,,Przewinięto stronę 'Samsung Galaxy A55 5G 256GB - Ceneo' do 539px.
evt_d7d5ba7bf3474895b908edeb7877b90e,sess_0018_f8b38a8b,14,2026-10-03T12:41:54.177000Z,usr_45720,anon_e9da484a8075,product_details,Samsung Galaxy A55 5G 256GB - Ceneo,CLICK,3,0.0,rapid,False,False,False,False,0,0,0,0,0,0,0,,,rapid_backtrack,"{""brand"": ""Xiaomi"", ""memory"": ""256GB""}",2,,,,Kliknięto 'Wróć do wyników' na stronie Samsung Galaxy A55 5G 256GB - Ceneo.
evt_239ae920a291425b9ad619bfb9fb8591,sess_0018_f8b38a8b,15,2026-10-03T12:41:54.611000Z,usr_45720,anon_e9da484a8075,search,Szukaj: smartfon 256gb do 2000 - Ceneo,POGO_STICK_BOUNCE,0,0.0,rapid,False,False,False,True,0,0,0,0,0,0,0,,,rapid_backtrack,"{""brand"": ""Xiaomi"", ""memory"": ""256GB""}",2,,,,Szybki powrót do listy po 3s na karcie produktu.
evt_de9e09aaa71b407f9f8b5c25394230ce,sess_0018_f8b38a8b,16,2026-10-03T12:41:56.464000Z,usr_45720,anon_e9da484a8075,search,Szukaj: smartfon 256gb do 2000 - Ceneo,PRICE_COMPARISON_CLICK,2,2.0,normal,False,False,False,False,0,0,0,0,0,0,0,,,rapid_backtrack,"{""brand"": ""Xiaomi"", ""memory"": ""256GB""}",2,Xiaomi Redmi Note 13 Pro 256GB,1299.0,,Kliknięto ofertę Xiaomi Redmi Note 13 Pro 256GB.
evt_d031f604a0a0466989e80e41a5da2910,sess_0018_f8b38a8b,17,2026-10-03T12:41:56.951000Z,usr_45720,anon_e9da484a8075,product_details,Xiaomi Redmi Note 13 Pro 256GB - Ceneo,PRODUCT_INSPECT,0,0.0,rapid,False,False,False,False,0,0,0,0,0,0,0,,,rapid_backtrack,"{""brand"": ""Xiaomi"", ""memory"": ""256GB""}",3,Xiaomi Redmi Note 13 Pro 256GB,1299.0,,Wejście w produkt Xiaomi Redmi Note 13 Pro 256GB.
evt_3e97fc099a25456890fead56b777c9ee,sess_0018_f8b38a8b,18,2026-10-03T12:42:00.388000Z,usr_45720,anon_e9da484a8075,product_details,Xiaomi Redmi Note 13 Pro 256GB - Ceneo,SCROLL,3,3.0,normal,False,False,False,False,0,0,0,0,0,0,0,,,rapid_backtrack,"{""brand"": ""Xiaomi"", ""memory"": ""256GB""}",3,Xiaomi Redmi Note 13 Pro 256GB,1299.0,,Przewinięto stronę 'Xiaomi Redmi Note 13 Pro 256GB - Ceneo' do 718px.
evt_7496f0764e08420593e6dc41c91196fc,sess_0018_f8b38a8b,19,2026-10-03T12:42:00.859000Z,usr_45720,anon_e9da484a8075,product_details,Xiaomi Redmi Note 13 Pro 256GB - Ceneo,CLICK,4,0.0,rapid,False,False,False,False,0,0,0,0,0,0,0,,,rapid_backtrack,"{""brand"": ""Xiaomi"", ""memory"": ""256GB""}",3,,,,Kliknięto 'Wróć do wyników' na stronie Xiaomi Redmi Note 13 Pro 256GB - Ceneo.
evt_adc20ae081ea456aa3b9722b22ecad0b,sess_0018_f8b38a8b,20,2026-10-03T12:42:01.185000Z,usr_45720,anon_e9da484a8075,search,Szukaj: smartfon 256gb do 2000 - Ceneo,POGO_STICK_BOUNCE,0,0.0,rapid,False,False,False,True,0,0,0,0,0,0,0,,,rapid_backtrack,"{""brand"": ""Xiaomi"", ""memory"": ""256GB""}",3,,,,Szybki powrót do listy po 4s na karcie produktu.
evt_82b1cffae3bd4b92a051e6faf3c75469,sess_0018_f8b38a8b,21,2026-10-03T12:42:09.981000Z,usr_45720,anon_e9da484a8075,search,Szukaj: smartfon 256gb do 2000 - Ceneo,FILTER_REMOVED,9,9.0,normal,False,False,False,False,0,0,0,0,0,0,0,,,rapid_backtrack,"{""memory"": ""256GB""}",3,,,,Usunięto filtr brand.
evt_0756bc0e8df648389eca30934e6b2f57,sess_0018_f8b38a8b,22,2026-10-03T12:42:12.281000Z,usr_45720,anon_e9da484a8075,search,Szukaj: smartfon 256gb do 2000 - Ceneo,FILTER_APPLIED,11,2.0,normal,False,False,False,False,0,0,0,0,0,0,0,,,rapid_backtrack,"{""memory"": ""256GB"", ""price"": ""1000-1800""}",3,,,,Włączono filtr price = 1000-1800.
evt_11680892daa940bdba2e5a3845ff0df4,sess_0018_f8b38a8b,23,2026-10-03T12:42:14.576000Z,usr_45720,anon_e9da484a8075,search,Szukaj: smartfon 256gb do 2000 - Ceneo,FILTER_APPLIED,13,2.0,normal,False,False,False,False,0,0,0,0,0,0,0,,,rapid_backtrack,"{""memory"": ""256GB"", ""price"": ""1000-1800"", ""sort"": ""price_asc""}",3,,,,Włączono filtr sort = price_asc.
evt_9252e17bfdad4cc9a778e2987cf69857,sess_0018_f8b38a8b,24,2026-10-03T12:42:29.615000Z,usr_45720,anon_e9da484a8075,search,Szukaj: smartfon 256gb do 2000 - Ceneo,PRICE_COMPARISON_CLICK,28,15.0,hesitant,False,False,False,False,0,0,0,0,0,0,0,,,rapid_backtrack,"{""memory"": ""256GB"", ""price"": ""1000-1800"", ""sort"": ""price_asc""}",3,Poco X6 Pro 512GB,1599.0,,Kliknięto ofertę Poco X6 Pro 512GB.
evt_66fbfa0aa17845eb986a81133ef2282e,sess_0018_f8b38a8b,25,2026-10-03T12:42:30.295000Z,usr_45720,anon_e9da484a8075,product_details,Poco X6 Pro 512GB - Ceneo,PRODUCT_INSPECT,0,1.0,normal,False,False,False,False,0,0,0,0,0,0,0,,,rapid_backtrack,"{""memory"": ""256GB"", ""price"": ""1000-1800"", ""sort"": ""price_asc""}",4,Poco X6 Pro 512GB,1599.0,,Wejście w produkt Poco X6 Pro 512GB.
evt_9c5d6df2172e4f26a41787ee6d1dce4a,sess_0018_f8b38a8b,26,2026-10-03T12:42:33.411000Z,usr_45720,anon_e9da484a8075,product_details,Poco X6 Pro 512GB - Ceneo,CLICK,3,3.0,normal,False,False,False,False,0,0,0,0,0,0,0,,,rapid_backtrack,"{""memory"": ""256GB"", ""price"": ""1000-1800"", ""sort"": ""price_asc""}",4,,,,Kliknięto 'Wróć do wyników' na stronie Poco X6 Pro 512GB - Ceneo.
evt_ab6eb4f735214780b505987c51e1b17a,sess_0018_f8b38a8b,27,2026-10-03T12:42:33.861000Z,usr_45720,anon_e9da484a8075,search,Szukaj: smartfon 256gb do 2000 - Ceneo,POGO_STICK_BOUNCE,0,0.0,rapid,False,False,False,True,0,0,0,0,0,0,0,,,rapid_backtrack,"{""memory"": ""256GB"", ""price"": ""1000-1800"", ""sort"": ""price_asc""}",4,,,,Szybki powrót do listy po 3s na karcie produktu.
evt_8604e2ba541643a5b36df521116c39a3,sess_0018_f8b38a8b,28,2026-10-03T12:42:51.204000Z,usr_45720,anon_e9da484a8075,search,Szukaj: smartfon 256gb do 2000 - Ceneo,FILTER_REMOVED,17,17.0,hesitant,False,False,False,False,0,0,0,0,0,0,0,,,rapid_backtrack,"{""memory"": ""256GB"", ""sort"": ""price_asc""}",4,,,,Usunięto filtr price.
evt_cdbcdd652f094f659560465c3c3c5cfc,sess_0018_f8b38a8b,29,2026-10-03T12:42:52.137000Z,usr_45720,anon_e9da484a8075,search,Szukaj: smartfon 256gb do 2000 - Ceneo,FILTER_REMOVED,18,1.0,normal,False,False,False,False,0,0,0,0,0,0,0,,,rapid_backtrack,"{""sort"": ""price_asc""}",4,,,,Usunięto filtr memory.
evt_64cfb4ba9c7848889b65af7309bcade0,sess_0019_fb1e143b,1,2026-10-03T12:50:47.580000Z,,anon_e6d5901d8b62,home,Ceneo - porównywarka cen,PAGE_VIEW,0,,normal,False,False,False,False,0,0,0,0,0,0,0,,,,,0,,,,Otwarto stronę Ceneo - porównywarka cen.
evt_0ff33c699e264a2b85df26376b3248ad,sess_0019_fb1e143b,2,2026-10-03T12:50:48.704000Z,,anon_e6d5901d8b62,search,Szukaj: smartfon 256gb do 2000 - Ceneo,SEARCH_QUERY,1,1.0,normal,False,False,False,False,0,0,0,0,0,0,0,,,,,0,,,,"Wyszukano ""smartfon 256gb do 2000"" (42 wyników)."
evt_2436b943fccc42538465b7f5c333db1b,sess_0019_fb1e143b,3,2026-10-03T12:50:48.704000Z,,anon_e6d5901d8b62,search,Szukaj: smartfon 256gb do 2000 - Ceneo,PAGE_VIEW,0,0.0,rapid,False,False,False,False,0,0,0,0,0,0,0,,,,,0,,,,Otwarto stronę Szukaj: smartfon 256gb do 2000 - Ceneo.
evt_2b0aa75f626948b08b9d2c0ab96d8be6,sess_0019_fb1e143b,4,2026-10-03T12:50:51.861000Z,,anon_e6d5901d8b62,search,Szukaj: smartfon 256gb do 2000 - Ceneo,FILTER_APPLIED,3,3.0,normal,False,False,False,False,0,0,0,0,0,0,0,,,,"{""brand"": ""Xiaomi""}",0,,,,Włączono filtr brand = Xiaomi.
evt_84d307e831b64d739a69aef6e9ba1d85,sess_0019_fb1e143b,5,2026-10-03T12:50:53.418000Z,,anon_e6d5901d8b62,search,Szukaj: smartfon 256gb do 2000 - Ceneo,FILTER_APPLIED,5,2.0,normal,False,False,False,False,0,0,0,0,0,0,0,,,,"{""brand"": ""Xiaomi"", ""memory"": ""256GB""}",0,,,,Włączono filtr memory = 256GB.
evt_7ed0a3eb910e4e61b55f575ce780c6ff,sess_0019_fb1e143b,6,2026-10-03T12:50:56.040000Z,,anon_e6d5901d8b62,search,Szukaj: smartfon 256gb do 2000 - Ceneo,PRICE_COMPARISON_CLICK,7,3.0,normal,False,False,False,False,0,0,0,0,0,0,0,,,,"{""brand"": ""Xiaomi"", ""memory"": ""256GB""}",0,Poco X6 Pro 512GB,1599.0,,Kliknięto ofertę Poco X6 Pro 512GB.
evt_67cd0ae1865645e6abb82f46883e4bcd,sess_0019_fb1e143b,7,2026-10-03T12:50:56.460000Z,,anon_e6d5901d8b62,product_details,Poco X6 Pro 512GB - Ceneo,PRODUCT_INSPECT,0,0.0,rapid,False,False,False,False,0,0,0,0,0,0,0,,,,"{""brand"": ""Xiaomi"", ""memory"": ""256GB""}",1,Poco X6 Pro 512GB,1599.0,,Wejście w produkt Poco X6 Pro 512GB.
evt_1bcc00e0469043ea95660e265db11109,sess_0019_fb1e143b,8,2026-10-03T12:50:59.175000Z,,anon_e6d5901d8b62,product_details,Poco X6 Pro 512GB - Ceneo,SCROLL,3,3.0,normal,False,False,False,False,0,0,0,0,0,0,0,,,,"{""brand"": ""Xiaomi"", ""memory"": ""256GB""}",1,Poco X6 Pro 512GB,1599.0,,Przewinięto stronę 'Poco X6 Pro 512GB - Ceneo' do 878px.
evt_3abd6db29b954736804d413056d67b59,sess_0019_fb1e143b,9,2026-10-03T12:50:59.610000Z,,anon_e6d5901d8b62,product_details,Poco X6 Pro 512GB - Ceneo,CLICK,3,0.0,rapid,False,False,False,False,0,0,0,0,0,0,0,,,,"{""brand"": ""Xiaomi"", ""memory"": ""256GB""}",1,,,,Kliknięto 'Wróć do wyników' na stronie Poco X6 Pro 512GB - Ceneo.
evt_ae58666aeb264f6a86ac0a065d3c72bf,sess_0019_fb1e143b,10,2026-10-03T12:50:59.865000Z,,anon_e6d5901d8b62,search,Szukaj: smartfon 256gb do 2000 - Ceneo,POGO_STICK_BOUNCE,0,0.0,rapid,False,False,False,True,0,0,0,0,0,0,0,,,rapid_backtrack,"{""brand"": ""Xiaomi"", ""memory"": ""256GB""}",1,,,,Szybki powrót do listy po 3s na karcie produktu.
evt_8204fc302e0e4e23a5fc9a6c295b2ce1,sess_0019_fb1e143b,11,2026-10-03T12:51:01.937000Z,,anon_e6d5901d8b62,search,Szukaj: smartfon 256gb do 2000 - Ceneo,PRICE_COMPARISON_CLICK,2,2.0,normal,False,False,False,False,0,0,0,0,0,0,0,,,rapid_backtrack,"{""brand"": ""Xiaomi"", ""memory"": ""256GB""}",1,Xiaomi Redmi Note 13 Pro 256GB,1299.0,,Kliknięto ofertę Xiaomi Redmi Note 13 Pro 256GB.
evt_c3e0f6cbc9584f8784539037dc1ece46,sess_0019_fb1e143b,12,2026-10-03T12:51:02.328000Z,,anon_e6d5901d8b62,product_details,Xiaomi Redmi Note 13 Pro 256GB - Ceneo,PRODUCT_INSPECT,0,0.0,rapid,False,False,False,False,0,0,0,0,0,0,0,,,rapid_backtrack,"{""brand"": ""Xiaomi"", ""memory"": ""256GB""}",2,Xiaomi Redmi Note 13 Pro 256GB,1299.0,,Wejście w produkt Xiaomi Redmi Note 13 Pro 256GB.
evt_f3a2260d21844c9a880d813967dd646f,sess_0019_fb1e143b,13,2026-10-03T12:51:05.060000Z,,anon_e6d5901d8b62,product_details,Xiaomi Redmi Note 13 Pro 256GB - Ceneo,SCROLL,3,3.0,normal,False,False,False,False,0,0,0,0,0,0,0,,,rapid_backtrack,"{""brand"": ""Xiaomi"", ""memory"": ""256GB""}",2,Xiaomi Redmi Note 13 Pro 256GB,1299.0,,Przewinięto stronę 'Xiaomi Redmi Note 13 Pro 256GB - Ceneo' do 853px.
evt_86dd3ec9351d4547b087ae5f75eb42e5,sess_0019_fb1e143b,14,2026-10-03T12:51:05.868000Z,,anon_e6d5901d8b62,product_details,Xiaomi Redmi Note 13 Pro 256GB - Ceneo,CLICK,4,1.0,normal,False,False,False,False,0,0,0,0,0,0,0,,,rapid_backtrack,"{""brand"": ""Xiaomi"", ""memory"": ""256GB""}",2,,,,Kliknięto 'Wróć do wyników' na stronie Xiaomi Redmi Note 13 Pro 256GB - Ceneo.
evt_43efc778e9d141259c752a6d38c81d5c,sess_0019_fb1e143b,15,2026-10-03T12:51:06.289000Z,,anon_e6d5901d8b62,search,Szukaj: smartfon 256gb do 2000 - Ceneo,POGO_STICK_BOUNCE,0,0.0,rapid,False,False,False,True,0,0,0,0,0,0,0,,,rapid_backtrack,"{""brand"": ""Xiaomi"", ""memory"": ""256GB""}",2,,,,Szybki powrót do listy po 3s na karcie produktu.
evt_1904056f91ff4cf99f233c7f30ae9989,sess_0019_fb1e143b,16,2026-10-03T12:51:07.958000Z,,anon_e6d5901d8b62,search,Szukaj: smartfon 256gb do 2000 - Ceneo,PRICE_COMPARISON_CLICK,2,2.0,normal,False,False,False,False,0,0,0,0,0,0,0,,,rapid_backtrack,"{""brand"": ""Xiaomi"", ""memory"": ""256GB""}",2,Apple iPhone 15 128GB,3499.0,,Kliknięto ofertę Apple iPhone 15 128GB.
evt_d14cd3aa581a48cf88e6153c22e4ff3d,sess_0019_fb1e143b,17,2026-10-03T12:51:08.329000Z,,anon_e6d5901d8b62,product_details,Apple iPhone 15 128GB - Ceneo,PRODUCT_INSPECT,0,0.0,rapid,False,False,False,False,0,0,0,0,0,0,0,,,rapid_backtrack,"{""brand"": ""Xiaomi"", ""memory"": ""256GB""}",3,Apple iPhone 15 128GB,3499.0,,Wejście w produkt Apple iPhone 15 128GB.
evt_a2f4125f23a44279a74d5f4cf28f4073,sess_0019_fb1e143b,18,2026-10-03T12:51:11.855000Z,,anon_e6d5901d8b62,product_details,Apple iPhone 15 128GB - Ceneo,SCROLL,4,4.0,normal,False,False,False,False,0,0,0,0,0,0,0,,,rapid_backtrack,"{""brand"": ""Xiaomi"", ""memory"": ""256GB""}",3,Apple iPhone 15 128GB,3499.0,,Przewinięto stronę 'Apple iPhone 15 128GB - Ceneo' do 316px.
evt_e37dc7c4120648fcac89208caff5f04b,sess_0019_fb1e143b,19,2026-10-03T12:51:12.390000Z,,anon_e6d5901d8b62,product_details,Apple iPhone 15 128GB - Ceneo,CLICK,4,1.0,normal,False,False,False,False,0,0,0,0,0,0,0,,,rapid_backtrack,"{""brand"": ""Xiaomi"", ""memory"": ""256GB""}",3,,,,Kliknięto 'Wróć do wyników' na stronie Apple iPhone 15 128GB - Ceneo.
evt_423d74c823d74c02908e6ba2270ec14b,sess_0019_fb1e143b,20,2026-10-03T12:51:12.697000Z,,anon_e6d5901d8b62,search,Szukaj: smartfon 256gb do 2000 - Ceneo,POGO_STICK_BOUNCE,0,0.0,rapid,False,False,False,True,0,0,0,0,0,0,0,,,rapid_backtrack,"{""brand"": ""Xiaomi"", ""memory"": ""256GB""}",3,,,,Szybki powrót do listy po 4s na karcie produktu.
evt_cfc42d5c48824ead9a764e51d6cfef2a,sess_0019_fb1e143b,21,2026-10-03T12:51:21.628000Z,,anon_e6d5901d8b62,search,Szukaj: smartfon 256gb do 2000 - Ceneo,FILTER_REMOVED,9,9.0,normal,False,False,False,False,0,0,0,0,0,0,0,,,rapid_backtrack,"{""memory"": ""256GB""}",3,,,,Usunięto filtr brand.
evt_e20648c4e03042199f2b2ac5edb5a399,sess_0019_fb1e143b,22,2026-10-03T12:51:22.958000Z,,anon_e6d5901d8b62,search,Szukaj: smartfon 256gb do 2000 - Ceneo,FILTER_APPLIED,10,1.0,normal,False,False,False,False,0,0,0,0,0,0,0,,,rapid_backtrack,"{""memory"": ""256GB"", ""price"": ""1000-1800""}",3,,,,Włączono filtr price = 1000-1800.
evt_a53b7784b5d74b479246cdb72ce2776e,sess_0019_fb1e143b,23,2026-10-03T12:51:25.376000Z,,anon_e6d5901d8b62,search,Szukaj: smartfon 256gb do 2000 - Ceneo,FILTER_APPLIED,13,2.0,normal,False,False,False,False,0,0,0,0,0,0,0,,,rapid_backtrack,"{""memory"": ""256GB"", ""price"": ""1000-1800"", ""sort"": ""price_asc""}",3,,,,Włączono filtr sort = price_asc.
evt_64607b434fe54563a81294bc5907e9c7,sess_0019_fb1e143b,24,2026-10-03T12:51:40.341000Z,,anon_e6d5901d8b62,search,Szukaj: smartfon 256gb do 2000 - Ceneo,PRICE_COMPARISON_CLICK,28,15.0,hesitant,False,False,False,False,0,0,0,0,0,0,0,,,rapid_backtrack,"{""memory"": ""256GB"", ""price"": ""1000-1800"", ""sort"": ""price_asc""}",3,Nothing Phone (2a) 256GB,1449.0,,Kliknięto ofertę Nothing Phone (2a) 256GB.
evt_045458ef6e434293af2d41bd107c6b3b,sess_0019_fb1e143b,25,2026-10-03T12:51:40.872000Z,,anon_e6d5901d8b62,product_details,Nothing Phone (2a) 256GB - Ceneo,PRODUCT_INSPECT,0,1.0,normal,False,False,False,False,0,0,0,0,0,0,0,,,rapid_backtrack,"{""memory"": ""256GB"", ""price"": ""1000-1800"", ""sort"": ""price_asc""}",4,Nothing Phone (2a) 256GB,1449.0,,Wejście w produkt Nothing Phone (2a) 256GB.
evt_c1d1ec2296f646209d58018d889dd91f,sess_0019_fb1e143b,26,2026-10-03T12:51:44.125000Z,,anon_e6d5901d8b62,product_details,Nothing Phone (2a) 256GB - Ceneo,CLICK,3,3.0,normal,False,False,False,False,0,0,0,0,0,0,0,,,rapid_backtrack,"{""memory"": ""256GB"", ""price"": ""1000-1800"", ""sort"": ""price_asc""}",4,,,,Kliknięto 'Wróć do wyników' na stronie Nothing Phone (2a) 256GB - Ceneo.
evt_ea019bcea5a84fcfa0208ca587cdbddc,sess_0019_fb1e143b,27,2026-10-03T12:51:44.591000Z,,anon_e6d5901d8b62,search,Szukaj: smartfon 256gb do 2000 - Ceneo,POGO_STICK_BOUNCE,0,0.0,rapid,False,False,False,True,0,0,0,0,0,0,0,,,rapid_backtrack,"{""memory"": ""256GB"", ""price"": ""1000-1800"", ""sort"": ""price_asc""}",4,,,,Szybki powrót do listy po 3s na karcie produktu.
evt_9a0f4504401943ee8459e88e7e87142c,sess_0019_fb1e143b,28,2026-10-03T12:52:02.343000Z,,anon_e6d5901d8b62,search,Szukaj: smartfon 256gb do 2000 - Ceneo,FILTER_REMOVED,18,18.0,hesitant,False,False,False,False,0,0,0,0,0,0,0,,,rapid_backtrack,"{""memory"": ""256GB"", ""sort"": ""price_asc""}",4,,,,Usunięto filtr price.
evt_3bca0ed0d806405883e73f3ab34cfbc4,sess_0019_fb1e143b,29,2026-10-03T12:52:03.274000Z,,anon_e6d5901d8b62,search,Szukaj: smartfon 256gb do 2000 - Ceneo,FILTER_REMOVED,19,1.0,normal,False,False,False,False,0,0,0,0,0,0,0,,,rapid_backtrack,"{""sort"": ""price_asc""}",4,,,,Usunięto filtr memory.
evt_342e3ddfb09843c38508b1a27cc8d195,sess_0020_12d0498d,1,2026-10-03T13:02:12.367000Z,usr_29442,anon_9bb961555275,home,Ceneo - porównywarka cen,PAGE_VIEW,0,,normal,False,False,False,False,0,0,0,0,0,0,0,,,,,0,,,,Otwarto stronę Ceneo - porównywarka cen.
evt_7150626cdb7448b7a83f755272bf8fb7,sess_0020_12d0498d,2,2026-10-03T13:02:14.930000Z,usr_29442,anon_9bb961555275,home,Ceneo - porównywarka cen,SCROLL,3,3.0,normal,False,False,False,False,0,0,0,0,0,0,0,,,,,0,,,,Przewinięto stronę 'Ceneo - porównywarka cen' do 800px.
evt_4bb2948525c94bf8afd64cdaaf934e28,sess_0020_12d0498d,3,2026-10-03T13:02:18.726000Z,usr_29442,anon_9bb961555275,home,Ceneo - porównywarka cen,SCROLL,6,4.0,normal,False,False,False,False,0,0,0,0,0,0,0,,,,,0,,,,Przewinięto stronę 'Ceneo - porównywarka cen' do 1600px.
evt_dfb10e8d3e8e49abb925e357f7c66c20,sess_0020_12d0498d,4,2026-10-03T13:02:21.649000Z,usr_29442,anon_9bb961555275,search,Szukaj: xiaomi 256gb - Ceneo,SEARCH_QUERY,9,3.0,normal,False,False,False,False,0,0,0,0,0,0,0,,,,,0,,,,"Wyszukano ""xiaomi 256gb"" (19 wyników)."
evt_b387e5767c9c445a82d1129ba3cc6ead,sess_0020_12d0498d,5,2026-10-03T13:02:21.649000Z,usr_29442,anon_9bb961555275,search,Szukaj: xiaomi 256gb - Ceneo,PAGE_VIEW,0,0.0,rapid,False,False,False,False,0,0,0,0,0,0,0,,,,,0,,,,Otwarto stronę Szukaj: xiaomi 256gb - Ceneo.
evt_1c3fb0bdf50b4198b9f4bed7e88a4bba,sess_0020_12d0498d,6,2026-10-03T13:02:27.822000Z,usr_29442,anon_9bb961555275,search,Szukaj: xiaomi 256gb - Ceneo,SCROLL,6,6.0,normal,False,False,False,False,0,0,0,0,0,0,0,,,,,0,,,,Przewinięto stronę 'Szukaj: xiaomi 256gb - Ceneo' do 1200px.
evt_573a2a8d8e374aeba8459cb840024200,sess_0020_12d0498d,7,2026-10-03T13:02:34.680000Z,usr_29442,anon_9bb961555275,search,Szukaj: xiaomi 256gb - Ceneo,SCROLL,13,7.0,normal,False,False,False,False,0,0,0,0,0,0,0,,,,,0,,,,Przewinięto stronę 'Szukaj: xiaomi 256gb - Ceneo' do 2400px.
evt_fa653a6ab0834774b902d575a9b18de2,sess_0020_12d0498d,8,2026-10-03T13:02:43.159000Z,usr_29442,anon_9bb961555275,search,Szukaj: xiaomi 256gb - Ceneo,SCROLL,22,8.0,normal,False,False,False,False,0,0,0,0,0,0,0,,,,,0,,,,Przewinięto stronę 'Szukaj: xiaomi 256gb - Ceneo' do 3600px.
evt_8126135db06142efbf68b12d85482293,sess_0020_12d0498d,9,2026-10-03T13:03:16.783000Z,usr_29442,anon_9bb961555275,search,Szukaj: xiaomi 256gb - Ceneo,TAB_HIDDEN,55,34.0,stalled,False,False,False,False,0,0,0,0,0,0,0,,,,,0,,,,Karta przeglądarki została ukryta.
evt_41b77697161f44e2b00aa8cdbb4abe3a,sess_0020_12d0498d,10,2026-10-03T13:03:48.532000Z,usr_29442,anon_9bb961555275,search,Szukaj: xiaomi 256gb - Ceneo,TAB_VISIBLE,87,32.0,stalled,False,False,False,False,0,0,0,0,0,0,0,,,,,0,,,,Użytkownik wrócił do karty.
evt_55c497b5215943a68563140945e7c5fe,sess_0020_12d0498d,11,2026-10-03T13:04:01.864000Z,usr_29442,anon_9bb961555275,search,Szukaj: xiaomi 256gb - Ceneo,SCROLL,100,13.0,hesitant,False,False,False,False,0,0,0,0,0,0,0,,,,,0,,,,Przewinięto stronę 'Szukaj: xiaomi 256gb - Ceneo' do 4000px.
evt_0108e1c9819143f6950084b8d94bb26c,sess_0020_12d0498d,12,2026-10-03T13:04:32.897000Z,usr_29442,anon_9bb961555275,category,Smartfony - Ceneo,LONG_HESITATION,0,31.0,stalled,False,False,False,False,0,0,0,0,0,0,0,,,,,0,,,,Długa pauza 31s przed kolejną akcją na 'Smartfony - Ceneo'.
evt_a60ecc7f9434403ebbb7de2975f3466f,sess_0020_12d0498d,13,2026-10-03T13:04:49.987000Z,usr_29442,anon_9bb961555275,category,Smartfony - Ceneo,LONG_HESITATION,17,17.0,hesitant,False,False,False,False,0,0,0,0,0,0,0,,,,,0,,,,Długa pauza 17s przed kolejną akcją na 'Smartfony - Ceneo'.
evt_d4287d902d1b43f7ab59c630a2a5d3af,sess_0020_12d0498d,14,2026-10-03T13:05:27.033000Z,usr_29442,anon_9bb961555275,category,Smartfony - Ceneo,EXIT_INTENT,54,37.0,stalled,False,False,True,True,0,0,0,0,0,0,0,,,exit_intent,,0,,,,Kursor opuścił viewport u góry okna (sygnał wyjścia).
evt_55ae5ec262654dc6ae2063b8a27310d0,sess_0021_6d4067f4,1,2026-10-03T13:12:33.785000Z,usr_30006,anon_5fd231094140,home,Ceneo - porównywarka cen,PAGE_VIEW,0,,normal,False,False,False,False,0,0,0,0,0,0,0,,,,,0,,,,Otwarto stronę Ceneo - porównywarka cen.
evt_37eb7fb8b7274539939c2b5a64837a96,sess_0021_6d4067f4,2,2026-10-03T13:12:35.971000Z,usr_30006,anon_5fd231094140,home,Ceneo - porównywarka cen,SCROLL,2,2.0,normal,False,False,False,False,0,0,0,0,0,0,0,,,,,0,,,,Przewinięto stronę 'Ceneo - porównywarka cen' do 800px.
evt_19aae53894544e129a3eebc8b8e3a64f,sess_0021_6d4067f4,3,2026-10-03T13:12:38.661000Z,usr_30006,anon_5fd231094140,home,Ceneo - porównywarka cen,SCROLL,5,3.0,normal,False,False,False,False,0,0,0,0,0,0,0,,,,,0,,,,Przewinięto stronę 'Ceneo - porównywarka cen' do 1600px.
evt_5fb45b7d5ca843eaaa4b50061ec59817,sess_0021_6d4067f4,4,2026-10-03T13:12:40.658000Z,usr_30006,anon_5fd231094140,search,Szukaj: xiaomi 256gb - Ceneo,SEARCH_QUERY,7,2.0,normal,False,False,False,False,0,0,0,0,0,0,0,,,,,0,,,,"Wyszukano ""xiaomi 256gb"" (19 wyników)."
evt_47a5b2fc4c624aa0aced7230bb017c48,sess_0021_6d4067f4,5,2026-10-03T13:12:40.658000Z,usr_30006,anon_5fd231094140,search,Szukaj: xiaomi 256gb - Ceneo,PAGE_VIEW,0,0.0,rapid,False,False,False,False,0,0,0,0,0,0,0,,,,,0,,,,Otwarto stronę Szukaj: xiaomi 256gb - Ceneo.
evt_e4765a7cff1e4e749ba0a52fdbe42fc8,sess_0021_6d4067f4,6,2026-10-03T13:12:44.903000Z,usr_30006,anon_5fd231094140,search,Szukaj: xiaomi 256gb - Ceneo,SCROLL,4,4.0,normal,False,False,False,False,0,0,0,0,0,0,0,,,,,0,,,,Przewinięto stronę 'Szukaj: xiaomi 256gb - Ceneo' do 1200px.
evt_d035015f795743f8af13648132bec43b,sess_0021_6d4067f4,7,2026-10-03T13:12:52.203000Z,usr_30006,anon_5fd231094140,search,Szukaj: xiaomi 256gb - Ceneo,SCROLL,12,7.0,normal,False,False,False,False,0,0,0,0,0,0,0,,,,,0,,,,Przewinięto stronę 'Szukaj: xiaomi 256gb - Ceneo' do 2400px.
evt_798de4d1825e4651b792e6056c03a5eb,sess_0021_6d4067f4,8,2026-10-03T13:12:59.553000Z,usr_30006,anon_5fd231094140,search,Szukaj: xiaomi 256gb - Ceneo,SCROLL,19,7.0,normal,False,False,False,False,0,0,0,0,0,0,0,,,,,0,,,,Przewinięto stronę 'Szukaj: xiaomi 256gb - Ceneo' do 3600px.
evt_623348d449bf4535b6fbd11a027a0040,sess_0021_6d4067f4,9,2026-10-03T13:13:33.555000Z,usr_30006,anon_5fd231094140,search,Szukaj: xiaomi 256gb - Ceneo,TAB_HIDDEN,53,34.0,stalled,False,False,False,False,0,0,0,0,0,0,0,,,,,0,,,,Karta przeglądarki została ukryta.
evt_af15ace4b40543459b468aa9ca6c5d5c,sess_0021_6d4067f4,10,2026-10-03T13:14:13.141000Z,usr_30006,anon_5fd231094140,search,Szukaj: xiaomi 256gb - Ceneo,TAB_VISIBLE,92,40.0,stalled,False,False,False,False,0,0,0,0,0,0,0,,,,,0,,,,Użytkownik wrócił do karty.
evt_8d63cc93aac441089ea87a1f220ceb1f,sess_0021_6d4067f4,11,2026-10-03T13:14:27.287000Z,usr_30006,anon_5fd231094140,search,Szukaj: xiaomi 256gb - Ceneo,SCROLL,107,14.0,hesitant,False,False,False,False,0,0,0,0,0,0,0,,,,,0,,,,Przewinięto stronę 'Szukaj: xiaomi 256gb - Ceneo' do 4000px.
evt_7614128b9df84fcf8dc5d55686feacd0,sess_0021_6d4067f4,12,2026-10-03T13:15:01.100000Z,usr_30006,anon_5fd231094140,category,Smartfony - Ceneo,LONG_HESITATION,0,34.0,stalled,False,False,False,False,0,0,0,0,0,0,0,,,,,0,,,,Długa pauza 34s przed kolejną akcją na 'Smartfony - Ceneo'.
evt_2f3a3008d76d4f9591477dee44dc3162,sess_0021_6d4067f4,13,2026-10-03T13:15:19.033000Z,usr_30006,anon_5fd231094140,category,Smartfony - Ceneo,LONG_HESITATION,18,18.0,hesitant,False,False,False,False,0,0,0,0,0,0,0,,,,,0,,,,Długa pauza 18s przed kolejną akcją na 'Smartfony - Ceneo'.
evt_46c9766f96804e0791feb3a42e8b4754,sess_0021_6d4067f4,14,2026-10-03T13:15:58.870000Z,usr_30006,anon_5fd231094140,category,Smartfony - Ceneo,EXIT_INTENT,58,40.0,stalled,False,False,True,True,0,0,0,0,0,0,0,,,exit_intent,,0,,,,Kursor opuścił viewport u góry okna (sygnał wyjścia).
evt_6a43675731a64613996415f29fa148a7,sess_0022_1bb43332,1,2026-10-03T13:18:09.585000Z,usr_25058,anon_5e187b248e67,home,Ceneo - porównywarka cen,PAGE_VIEW,0,,normal,False,False,False,False,0,0,0,0,0,0,0,,,,,0,,,,Otwarto stronę Ceneo - porównywarka cen.
evt_f98dd1f8fbcd4ecabf0fc7e80143cf31,sess_0022_1bb43332,2,2026-10-03T13:18:12.048000Z,usr_25058,anon_5e187b248e67,home,Ceneo - porównywarka cen,SCROLL,2,2.0,normal,False,False,False,False,0,0,0,0,0,0,0,,,,,0,,,,Przewinięto stronę 'Ceneo - porównywarka cen' do 800px.
evt_523585246ef449f1b61ae6e4d6e9bc72,sess_0022_1bb43332,3,2026-10-03T13:18:16.278000Z,usr_25058,anon_5e187b248e67,home,Ceneo - porównywarka cen,SCROLL,7,4.0,normal,False,False,False,False,0,0,0,0,0,0,0,,,,,0,,,,Przewinięto stronę 'Ceneo - porównywarka cen' do 1600px.
evt_bcce7fb1c2854ed0a426dbe0316caef0,sess_0022_1bb43332,4,2026-10-03T13:18:19.351000Z,usr_25058,anon_5e187b248e67,search,Szukaj: smartfon do fotografii - Ceneo,SEARCH_QUERY,10,3.0,normal,False,False,False,False,0,0,0,0,0,0,0,,,,,0,,,,"Wyszukano ""smartfon do fotografii"" (31 wyników)."
evt_37d5e28503a743029745bc66dcd514d0,sess_0022_1bb43332,5,2026-10-03T13:18:19.351000Z,usr_25058,anon_5e187b248e67,search,Szukaj: smartfon do fotografii - Ceneo,PAGE_VIEW,0,0.0,rapid,False,False,False,False,0,0,0,0,0,0,0,,,,,0,,,,Otwarto stronę Szukaj: smartfon do fotografii - Ceneo.
evt_d41d7a9e69994c37abc826968028592b,sess_0022_1bb43332,6,2026-10-03T13:18:25.631000Z,usr_25058,anon_5e187b248e67,search,Szukaj: smartfon do fotografii - Ceneo,SCROLL,6,6.0,normal,False,False,False,False,0,0,0,0,0,0,0,,,,,0,,,,Przewinięto stronę 'Szukaj: smartfon do fotografii - Ceneo' do 1200px.
evt_c1b7a96b479b43768da5e59fc0a66c52,sess_0022_1bb43332,7,2026-10-03T13:18:33.125000Z,usr_25058,anon_5e187b248e67,search,Szukaj: smartfon do fotografii - Ceneo,SCROLL,14,7.0,normal,False,False,False,False,0,0,0,0,0,0,0,,,,,0,,,,Przewinięto stronę 'Szukaj: smartfon do fotografii - Ceneo' do 2400px.
evt_ebb8455481eb4ec697f85b53ad482df9,sess_0022_1bb43332,8,2026-10-03T13:18:41.965000Z,usr_25058,anon_5e187b248e67,search,Szukaj: smartfon do fotografii - Ceneo,SCROLL,23,9.0,normal,False,False,False,False,0,0,0,0,0,0,0,,,,,0,,,,Przewinięto stronę 'Szukaj: smartfon do fotografii - Ceneo' do 3600px.
evt_0d6e2cff9fc946c48f296964809f7959,sess_0022_1bb43332,9,2026-10-03T13:19:14.439000Z,usr_25058,anon_5e187b248e67,search,Szukaj: smartfon do fotografii - Ceneo,TAB_HIDDEN,55,32.0,stalled,False,False,False,False,0,0,0,0,0,0,0,,,,,0,,,,Karta przeglądarki została ukryta.
evt_4ae13026a58d46bea9569e984ee3149a,sess_0022_1bb43332,10,2026-10-03T13:19:51.393000Z,usr_25058,anon_5e187b248e67,search,Szukaj: smartfon do fotografii - Ceneo,TAB_VISIBLE,92,37.0,stalled,False,False,False,False,0,0,0,0,0,0,0,,,,,0,,,,Użytkownik wrócił do karty.
evt_9553063f6c8d4775966fd6702e986d06,sess_0022_1bb43332,11,2026-10-03T13:20:05.638000Z,usr_25058,anon_5e187b248e67,search,Szukaj: smartfon do fotografii - Ceneo,SCROLL,106,14.0,hesitant,False,False,False,False,0,0,0,0,0,0,0,,,,,0,,,,Przewinięto stronę 'Szukaj: smartfon do fotografii - Ceneo' do 4000px.
evt_3e832289095e4d7db49c3f23db909d65,sess_0022_1bb43332,12,2026-10-03T13:20:33.205000Z,usr_25058,anon_5e187b248e67,category,Smartfony - Ceneo,LONG_HESITATION,0,28.0,hesitant,False,False,False,False,0,0,0,0,0,0,0,,,,,0,,,,Długa pauza 28s przed kolejną akcją na 'Smartfony - Ceneo'.
evt_35fe0d945de8403899f17ba4966fcee7,sess_0022_1bb43332,13,2026-10-03T13:20:43.255000Z,usr_25058,anon_5e187b248e67,category,Smartfony - Ceneo,SCROLL,10,10.0,hesitant,False,False,False,False,0,0,0,0,0,0,0,,,,,0,,,,Przewinięto stronę 'Smartfony - Ceneo' do 2000px.
evt_d29bcef9d8c14dd38eca14fa1ca63abf,sess_0022_1bb43332,14,2026-10-03T13:21:15.602000Z,usr_25058,anon_5e187b248e67,category,Smartfony - Ceneo,EXIT_INTENT,42,32.0,stalled,False,False,True,True,0,0,0,0,0,0,0,,,exit_intent,,0,,,,Kursor opuścił viewport u góry okna (sygnał wyjścia).
evt_ffb826edf54747399981c1a312e1fae4,sess_0023_87cdb6a1,1,2026-10-03T13:28:13.649000Z,,anon_742221676b7a,home,Ceneo - porównywarka cen,PAGE_VIEW,0,,normal,False,False,False,False,0,0,0,0,0,0,0,,,,,0,,,,Otwarto stronę Ceneo - porównywarka cen.
evt_46ea9599bc5a41a4b786fe88b49ebfa9,sess_0023_87cdb6a1,2,2026-10-03T13:28:16.406000Z,,anon_742221676b7a,home,Ceneo - porównywarka cen,SCROLL,3,3.0,normal,False,False,False,False,0,0,0,0,0,0,0,,,,,0,,,,Przewinięto stronę 'Ceneo - porównywarka cen' do 800px.
evt_4b01213253cb4c45b09d829aa618f833,sess_0023_87cdb6a1,3,2026-10-03T13:28:20.383000Z,,anon_742221676b7a,home,Ceneo - porównywarka cen,SCROLL,7,4.0,normal,False,False,False,False,0,0,0,0,0,0,0,,,,,0,,,,Przewinięto stronę 'Ceneo - porównywarka cen' do 1600px.
evt_0f3ee7bd61d04dfeb007f63bc6d60f20,sess_0023_87cdb6a1,4,2026-10-03T13:28:23.345000Z,,anon_742221676b7a,search,Szukaj: smartfon do fotografii - Ceneo,SEARCH_QUERY,10,3.0,normal,False,False,False,False,0,0,0,0,0,0,0,,,,,0,,,,"Wyszukano ""smartfon do fotografii"" (31 wyników)."
evt_47a22272aea449e1ba4b99c8e0300ed3,sess_0023_87cdb6a1,5,2026-10-03T13:28:23.345000Z,,anon_742221676b7a,search,Szukaj: smartfon do fotografii - Ceneo,PAGE_VIEW,0,0.0,rapid,False,False,False,False,0,0,0,0,0,0,0,,,,,0,,,,Otwarto stronę Szukaj: smartfon do fotografii - Ceneo.
evt_31f629e491de43f7926c2a8227cfea1f,sess_0023_87cdb6a1,6,2026-10-03T13:28:27.982000Z,,anon_742221676b7a,search,Szukaj: smartfon do fotografii - Ceneo,SCROLL,5,5.0,normal,False,False,False,False,0,0,0,0,0,0,0,,,,,0,,,,Przewinięto stronę 'Szukaj: smartfon do fotografii - Ceneo' do 1200px.
evt_8d74d8301b9b45fc96c56af7729dfc6b,sess_0023_87cdb6a1,7,2026-10-03T13:28:35.512000Z,,anon_742221676b7a,search,Szukaj: smartfon do fotografii - Ceneo,SCROLL,12,8.0,normal,False,False,False,False,0,0,0,0,0,0,0,,,,,0,,,,Przewinięto stronę 'Szukaj: smartfon do fotografii - Ceneo' do 2400px.
evt_1a8aec5b3e8e4933bec0b162243db143,sess_0023_87cdb6a1,8,2026-10-03T13:28:44.272000Z,,anon_742221676b7a,search,Szukaj: smartfon do fotografii - Ceneo,SCROLL,21,9.0,normal,False,False,False,False,0,0,0,0,0,0,0,,,,,0,,,,Przewinięto stronę 'Szukaj: smartfon do fotografii - Ceneo' do 3600px.
evt_0d4f703be5eb481cae104f697145c842,sess_0023_87cdb6a1,9,2026-10-03T13:29:20.730000Z,,anon_742221676b7a,search,Szukaj: smartfon do fotografii - Ceneo,TAB_HIDDEN,57,36.0,stalled,False,False,False,False,0,0,0,0,0,0,0,,,,,0,,,,Karta przeglądarki została ukryta.
evt_bdf8869ff5c845b599206cb138cd6bdd,sess_0023_87cdb6a1,10,2026-10-03T13:30:02.624000Z,,anon_742221676b7a,search,Szukaj: smartfon do fotografii - Ceneo,TAB_VISIBLE,99,42.0,stalled,False,False,False,False,0,0,0,0,0,0,0,,,,,0,,,,Użytkownik wrócił do karty.
evt_031576ac4ba74c8c903d96edc8723007,sess_0023_87cdb6a1,11,2026-10-03T13:30:15.597000Z,,anon_742221676b7a,search,Szukaj: smartfon do fotografii - Ceneo,SCROLL,112,13.0,hesitant,False,False,False,False,0,0,0,0,0,0,0,,,,,0,,,,Przewinięto stronę 'Szukaj: smartfon do fotografii - Ceneo' do 5900px.
evt_76150e7dee0d42f98a9abf96aef71806,sess_0023_87cdb6a1,12,2026-10-03T13:30:44.382000Z,,anon_742221676b7a,category,Smartfony - Ceneo,LONG_HESITATION,0,29.0,hesitant,False,False,False,False,0,0,0,0,0,0,0,,,,,0,,,,Długa pauza 29s przed kolejną akcją na 'Smartfony - Ceneo'.
evt_c3c70156fe994832b7bdde62c5c4a444,sess_0023_87cdb6a1,13,2026-10-03T13:30:56.147000Z,,anon_742221676b7a,category,Smartfony - Ceneo,SCROLL,12,12.0,hesitant,False,False,False,False,0,0,0,0,0,0,0,,,,,0,,,,Przewinięto stronę 'Smartfony - Ceneo' do 2000px.
evt_886fddf7438c48b1a42fc9f561848677,sess_0023_87cdb6a1,14,2026-10-03T13:31:34.541000Z,,anon_742221676b7a,category,Smartfony - Ceneo,EXIT_INTENT,50,38.0,stalled,False,False,True,True,0,0,0,0,0,0,0,,,exit_intent,,0,,,,Kursor opuścił viewport u góry okna (sygnał wyjścia).
evt_2e05379851f64aa3ad0e07395adb7dd6,sess_0024_4ef492c1,1,2026-10-03T13:38:20.356000Z,,anon_fc04a168652f,home,Ceneo - porównywarka cen,PAGE_VIEW,0,,normal,False,False,False,False,0,0,0,0,0,0,0,,,,,0,,,,Otwarto stronę Ceneo - porównywarka cen.
evt_b9a33f777f344fe2beb19d3ed6b16bfa,sess_0024_4ef492c1,2,2026-10-03T13:38:22.774000Z,,anon_fc04a168652f,home,Ceneo - porównywarka cen,SCROLL,2,2.0,normal,False,False,False,False,0,0,0,0,0,0,0,,,,,0,,,,Przewinięto stronę 'Ceneo - porównywarka cen' do 800px.
evt_8a1cba65cb6c478fb2713ddd2f72532a,sess_0024_4ef492c1,3,2026-10-03T13:38:27.210000Z,,anon_fc04a168652f,home,Ceneo - porównywarka cen,SCROLL,7,4.0,normal,False,False,False,False,0,0,0,0,0,0,0,,,,,0,,,,Przewinięto stronę 'Ceneo - porównywarka cen' do 1600px.
evt_89facf54bfb84407a85e3f87cc244fab,sess_0024_4ef492c1,4,2026-10-03T13:38:29.291000Z,,anon_fc04a168652f,search,Szukaj: xiaomi 256gb - Ceneo,SEARCH_QUERY,9,2.0,normal,False,False,False,False,0,0,0,0,0,0,0,,,,,0,,,,"Wyszukano ""xiaomi 256gb"" (19 wyników)."
evt_5aa85259979942f38892ceae89dc8bc8,sess_0024_4ef492c1,5,2026-10-03T13:38:29.291000Z,,anon_fc04a168652f,search,Szukaj: xiaomi 256gb - Ceneo,PAGE_VIEW,0,0.0,rapid,False,False,False,False,0,0,0,0,0,0,0,,,,,0,,,,Otwarto stronę Szukaj: xiaomi 256gb - Ceneo.
evt_ed740082d8894091a4309df3b0aa9238,sess_0024_4ef492c1,6,2026-10-03T13:38:33.782000Z,,anon_fc04a168652f,search,Szukaj: xiaomi 256gb - Ceneo,SCROLL,4,4.0,normal,False,False,False,False,0,0,0,0,0,0,0,,,,,0,,,,Przewinięto stronę 'Szukaj: xiaomi 256gb - Ceneo' do 1200px.
evt_ec8cd7f9d5ae48f08ab14264318a7629,sess_0024_4ef492c1,7,2026-10-03T13:38:40.819000Z,,anon_fc04a168652f,search,Szukaj: xiaomi 256gb - Ceneo,SCROLL,12,7.0,normal,False,False,False,False,0,0,0,0,0,0,0,,,,,0,,,,Przewinięto stronę 'Szukaj: xiaomi 256gb - Ceneo' do 2400px.
evt_dae3546f22a34f3fbb20a6ffaebaddd7,sess_0024_4ef492c1,8,2026-10-03T13:38:48.582000Z,,anon_fc04a168652f,search,Szukaj: xiaomi 256gb - Ceneo,SCROLL,19,8.0,normal,False,False,False,False,0,0,0,0,0,0,0,,,,,0,,,,Przewinięto stronę 'Szukaj: xiaomi 256gb - Ceneo' do 3600px.
evt_a2a6d0b16bf24a1ba929a3bcca6e32bc,sess_0024_4ef492c1,9,2026-10-03T13:39:22.698000Z,,anon_fc04a168652f,search,Szukaj: xiaomi 256gb - Ceneo,TAB_HIDDEN,53,34.0,stalled,False,False,False,False,0,0,0,0,0,0,0,,,,,0,,,,Karta przeglądarki została ukryta.
evt_8a63ba9acc014cd58f7b3853b8e9e966,sess_0024_4ef492c1,10,2026-10-03T13:40:08.149000Z,,anon_fc04a168652f,search,Szukaj: xiaomi 256gb - Ceneo,TAB_VISIBLE,99,45.0,stalled,False,False,False,False,0,0,0,0,0,0,0,,,,,0,,,,Użytkownik wrócił do karty.
evt_370bc5ee462d49b78a266db87097b0bb,sess_0024_4ef492c1,11,2026-10-03T13:40:18.034000Z,,anon_fc04a168652f,search,Szukaj: xiaomi 256gb - Ceneo,SCROLL,109,10.0,normal,False,False,False,False,0,0,0,0,0,0,0,,,,,0,,,,Przewinięto stronę 'Szukaj: xiaomi 256gb - Ceneo' do 4000px.
evt_52f480d15e7742eaa9500da08d7f49ad,sess_0024_4ef492c1,12,2026-10-03T13:40:49.188000Z,,anon_fc04a168652f,category,Smartfony - Ceneo,LONG_HESITATION,0,31.0,stalled,False,False,False,False,0,0,0,0,0,0,0,,,,,0,,,,Długa pauza 31s przed kolejną akcją na 'Smartfony - Ceneo'.
evt_eb8ba174d1204a839d6f78b1962089e0,sess_0024_4ef492c1,13,2026-10-03T13:41:05.792000Z,,anon_fc04a168652f,category,Smartfony - Ceneo,LONG_HESITATION,17,17.0,hesitant,False,False,False,False,0,0,0,0,0,0,0,,,,,0,,,,Długa pauza 17s przed kolejną akcją na 'Smartfony - Ceneo'.
evt_56d0a94f122d41f0857cd27f5f99d6d6,sess_0024_4ef492c1,14,2026-10-03T13:41:36.972000Z,,anon_fc04a168652f,category,Smartfony - Ceneo,EXIT_INTENT,48,31.0,stalled,False,False,True,True,0,0,0,0,0,0,0,,,exit_intent,,0,,,,Kursor opuścił viewport u góry okna (sygnał wyjścia).
evt_91b20295279840fca5094ea3e0f6f2fc,sess_0025_6de59332,1,2026-10-03T13:42:47.727000Z,,anon_a3e05309b5a1,home,Ceneo - porównywarka cen,PAGE_VIEW,0,,normal,False,False,False,False,0,0,0,0,0,0,0,,,,,0,,,,Otwarto stronę Ceneo - porównywarka cen.
evt_54f64c6a5ab04e62bf609ec8a4ac7798,sess_0025_6de59332,2,2026-10-03T13:42:49.962000Z,,anon_a3e05309b5a1,home,Ceneo - porównywarka cen,SCROLL,2,2.0,normal,False,False,False,False,0,0,0,0,0,0,0,,,,,0,,,,Przewinięto stronę 'Ceneo - porównywarka cen' do 800px.
evt_35da7a88300740c39b16c9361f4c9622,sess_0025_6de59332,3,2026-10-03T13:42:52.504000Z,,anon_a3e05309b5a1,home,Ceneo - porównywarka cen,SCROLL,5,3.0,normal,False,False,False,False,0,0,0,0,0,0,0,,,,,0,,,,Przewinięto stronę 'Ceneo - porównywarka cen' do 1600px.
evt_75aa4c8c5fd645dcb471f60bed0c391b,sess_0025_6de59332,4,2026-10-03T13:42:54.655000Z,,anon_a3e05309b5a1,search,Szukaj: smartfon do fotografii - Ceneo,SEARCH_QUERY,7,2.0,normal,False,False,False,False,0,0,0,0,0,0,0,,,,,0,,,,"Wyszukano ""smartfon do fotografii"" (31 wyników)."
evt_abc0777dea244f57a8992c438400b52a,sess_0025_6de59332,5,2026-10-03T13:42:54.655000Z,,anon_a3e05309b5a1,search,Szukaj: smartfon do fotografii - Ceneo,PAGE_VIEW,0,0.0,rapid,False,False,False,False,0,0,0,0,0,0,0,,,,,0,,,,Otwarto stronę Szukaj: smartfon do fotografii - Ceneo.
evt_65f6f32a0de2456fab4169651c587a36,sess_0025_6de59332,6,2026-10-03T13:43:00.137000Z,,anon_a3e05309b5a1,search,Szukaj: smartfon do fotografii - Ceneo,SCROLL,5,5.0,normal,False,False,False,False,0,0,0,0,0,0,0,,,,,0,,,,Przewinięto stronę 'Szukaj: smartfon do fotografii - Ceneo' do 1200px.
evt_0a65353c782648479475b4cac59dadf2,sess_0025_6de59332,7,2026-10-03T13:43:06.925000Z,,anon_a3e05309b5a1,search,Szukaj: smartfon do fotografii - Ceneo,SCROLL,12,7.0,normal,False,False,False,False,0,0,0,0,0,0,0,,,,,0,,,,Przewinięto stronę 'Szukaj: smartfon do fotografii - Ceneo' do 2400px.
evt_94f9eb71d5d542ada6021b051c351f1a,sess_0025_6de59332,8,2026-10-03T13:43:13.921000Z,,anon_a3e05309b5a1,search,Szukaj: smartfon do fotografii - Ceneo,SCROLL,19,7.0,normal,False,False,False,False,0,0,0,0,0,0,0,,,,,0,,,,Przewinięto stronę 'Szukaj: smartfon do fotografii - Ceneo' do 3600px.
evt_7f0e60bd6a6d40c9b7fa09606bcfb721,sess_0025_6de59332,9,2026-10-03T13:43:55.569000Z,,anon_a3e05309b5a1,search,Szukaj: smartfon do fotografii - Ceneo,TAB_HIDDEN,61,42.0,stalled,False,False,False,False,0,0,0,0,0,0,0,,,,,0,,,,Karta przeglądarki została ukryta.
evt_f9a0b35f9a09441b910f30339fd70661,sess_0025_6de59332,10,2026-10-03T13:44:40.738000Z,,anon_a3e05309b5a1,search,Szukaj: smartfon do fotografii - Ceneo,TAB_VISIBLE,106,45.0,stalled,False,False,False,False,0,0,0,0,0,0,0,,,,,0,,,,Użytkownik wrócił do karty.
evt_592117a335df4881929903f44fdcbf31,sess_0025_6de59332,11,2026-10-03T13:44:51.980000Z,,anon_a3e05309b5a1,search,Szukaj: smartfon do fotografii - Ceneo,SCROLL,117,11.0,hesitant,False,False,False,False,0,0,0,0,0,0,0,,,,,0,,,,Przewinięto stronę 'Szukaj: smartfon do fotografii - Ceneo' do 5900px.
evt_cde2722d1212480bb3cba505fa246031,sess_0025_6de59332,12,2026-10-03T13:45:26.199000Z,,anon_a3e05309b5a1,category,Smartfony - Ceneo,LONG_HESITATION,0,34.0,stalled,False,False,False,False,0,0,0,0,0,0,0,,,,,0,,,,Długa pauza 34s przed kolejną akcją na 'Smartfony - Ceneo'.
evt_f398422932d14ca8bcb6749dde582cb4,sess_0025_6de59332,13,2026-10-03T13:45:38.014000Z,,anon_a3e05309b5a1,category,Smartfony - Ceneo,SCROLL,12,12.0,hesitant,False,False,False,False,0,0,0,0,0,0,0,,,,,0,,,,Przewinięto stronę 'Smartfony - Ceneo' do 2000px.
evt_137d332f007942329880564557ea49c6,sess_0025_6de59332,14,2026-10-03T13:46:10.768000Z,,anon_a3e05309b5a1,category,Smartfony - Ceneo,EXIT_INTENT,45,33.0,stalled,False,False,True,True,0,0,0,0,0,0,0,,,exit_intent,,0,,,,Kursor opuścił viewport u góry okna (sygnał wyjścia).
evt_0e647a3079244287b3e7591271d1ac52,sess_0026_ba35844e,1,2026-10-03T13:56:54.541000Z,usr_29358,anon_d0a643fea53b,home,Ceneo - porównywarka cen,PAGE_VIEW,0,,normal,False,False,False,False,0,0,0,0,0,0,0,,,,,0,,,,Otwarto stronę Ceneo - porównywarka cen.
evt_de3f851c87d54602b441b3f81ea617ad,sess_0026_ba35844e,2,2026-10-03T13:56:56.840000Z,usr_29358,anon_d0a643fea53b,home,Ceneo - porównywarka cen,SCROLL,2,2.0,normal,False,False,False,False,0,0,0,0,0,0,0,,,,,0,,,,Przewinięto stronę 'Ceneo - porównywarka cen' do 800px.
evt_9087c26a2acd49bca92fc7d0e1d9ccd8,sess_0026_ba35844e,3,2026-10-03T13:56:59.744000Z,usr_29358,anon_d0a643fea53b,home,Ceneo - porównywarka cen,SCROLL,5,3.0,normal,False,False,False,False,0,0,0,0,0,0,0,,,,,0,,,,Przewinięto stronę 'Ceneo - porównywarka cen' do 1600px.
evt_ed26785656e6478aaacb6baf72a144c6,sess_0026_ba35844e,4,2026-10-03T13:57:02.777000Z,usr_29358,anon_d0a643fea53b,search,Szukaj: smartfon samsung 5g - Ceneo,SEARCH_QUERY,8,3.0,normal,False,False,False,False,0,0,0,0,0,0,0,,,,,0,,,,"Wyszukano ""smartfon samsung 5g"" (28 wyników)."
evt_376fb20291e34a3cb130e92996c10c8d,sess_0026_ba35844e,5,2026-10-03T13:57:02.777000Z,usr_29358,anon_d0a643fea53b,search,Szukaj: smartfon samsung 5g - Ceneo,PAGE_VIEW,0,0.0,rapid,False,False,False,False,0,0,0,0,0,0,0,,,,,0,,,,Otwarto stronę Szukaj: smartfon samsung 5g - Ceneo.
evt_9b808dfe26e94e6c8337ee9fdce2721b,sess_0026_ba35844e,6,2026-10-03T13:57:09.461000Z,usr_29358,anon_d0a643fea53b,search,Szukaj: smartfon samsung 5g - Ceneo,SCROLL,7,7.0,normal,False,False,False,False,0,0,0,0,0,0,0,,,,,0,,,,Przewinięto stronę 'Szukaj: smartfon samsung 5g - Ceneo' do 1200px.
evt_617f859ff93349c381f921f0fa0ba2e3,sess_0026_ba35844e,7,2026-10-03T13:57:15.186000Z,usr_29358,anon_d0a643fea53b,search,Szukaj: smartfon samsung 5g - Ceneo,SCROLL,12,6.0,normal,False,False,False,False,0,0,0,0,0,0,0,,,,,0,,,,Przewinięto stronę 'Szukaj: smartfon samsung 5g - Ceneo' do 2400px.
evt_d2abb4d928fa444abd58ec8a268b62fe,sess_0026_ba35844e,8,2026-10-03T13:57:23.758000Z,usr_29358,anon_d0a643fea53b,search,Szukaj: smartfon samsung 5g - Ceneo,SCROLL,21,9.0,normal,False,False,False,False,0,0,0,0,0,0,0,,,,,0,,,,Przewinięto stronę 'Szukaj: smartfon samsung 5g - Ceneo' do 3600px.
evt_ffefa647007c43b2b9e918a236a2c73c,sess_0026_ba35844e,9,2026-10-03T13:58:03.359000Z,usr_29358,anon_d0a643fea53b,search,Szukaj: smartfon samsung 5g - Ceneo,TAB_HIDDEN,61,40.0,stalled,False,False,False,False,0,0,0,0,0,0,0,,,,,0,,,,Karta przeglądarki została ukryta.
evt_4004301da82044c58cb641f48178ba55,sess_0026_ba35844e,10,2026-10-03T13:58:49.831000Z,usr_29358,anon_d0a643fea53b,search,Szukaj: smartfon samsung 5g - Ceneo,TAB_VISIBLE,107,46.0,stalled,False,False,False,False,0,0,0,0,0,0,0,,,,,0,,,,Użytkownik wrócił do karty.
evt_70bf7c985e8641b1b7ef78a73d94ac29,sess_0026_ba35844e,11,2026-10-03T13:59:02.578000Z,usr_29358,anon_d0a643fea53b,search,Szukaj: smartfon samsung 5g - Ceneo,SCROLL,120,13.0,hesitant,False,False,False,False,0,0,0,0,0,0,0,,,,,0,,,,Przewinięto stronę 'Szukaj: smartfon samsung 5g - Ceneo' do 4000px.
evt_cd7618885cd54c2ea9a154fa985d76c2,sess_0026_ba35844e,12,2026-10-03T13:59:35.737000Z,usr_29358,anon_d0a643fea53b,category,Smartfony - Ceneo,LONG_HESITATION,0,33.0,stalled,False,False,False,False,0,0,0,0,0,0,0,,,,,0,,,,Długa pauza 33s przed kolejną akcją na 'Smartfony - Ceneo'.
evt_5f34f7f5785543abbc06ffe9958c38b2,sess_0026_ba35844e,13,2026-10-03T13:59:51.004000Z,usr_29358,anon_d0a643fea53b,category,Smartfony - Ceneo,LONG_HESITATION,15,15.0,hesitant,False,False,False,False,0,0,0,0,0,0,0,,,,,0,,,,Długa pauza 15s przed kolejną akcją na 'Smartfony - Ceneo'.
evt_fbacf1679e5649b88b413bc75015560b,sess_0026_ba35844e,14,2026-10-03T14:00:26.299000Z,usr_29358,anon_d0a643fea53b,category,Smartfony - Ceneo,EXIT_INTENT,51,35.0,stalled,False,False,True,True,0,0,0,0,0,0,0,,,exit_intent,,0,,,,Kursor opuścił viewport u góry okna (sygnał wyjścia).
evt_7f40c79a0daf45a399c8a805209a14ba,sess_0027_0e614bcd,1,2026-10-03T14:07:58.772000Z,,anon_4f76e38812fe,home,Ceneo - porównywarka cen,PAGE_VIEW,0,,normal,False,False,False,False,0,0,0,0,0,0,0,,,,,0,,,,Otwarto stronę Ceneo - porównywarka cen.
evt_83fe654911ac48af826d260c9690d807,sess_0027_0e614bcd,2,2026-10-03T14:08:00.849000Z,,anon_4f76e38812fe,home,Ceneo - porównywarka cen,SCROLL,2,2.0,normal,False,False,False,False,0,0,0,0,0,0,0,,,,,0,,,,Przewinięto stronę 'Ceneo - porównywarka cen' do 800px.
evt_69ee376c77094b819f5b231e961e1a4f,sess_0027_0e614bcd,3,2026-10-03T14:08:04.104000Z,,anon_4f76e38812fe,home,Ceneo - porównywarka cen,SCROLL,5,3.0,normal,False,False,False,False,0,0,0,0,0,0,0,,,,,0,,,,Przewinięto stronę 'Ceneo - porównywarka cen' do 1600px.
evt_2344357c8d4c41d6bd06cb0f3c3bc31a,sess_0027_0e614bcd,4,2026-10-03T14:08:06.061000Z,,anon_4f76e38812fe,search,Szukaj: smartfon 256gb do 2000 - Ceneo,SEARCH_QUERY,7,2.0,normal,False,False,False,False,0,0,0,0,0,0,0,,,,,0,,,,"Wyszukano ""smartfon 256gb do 2000"" (42 wyników)."
evt_6a2b859eddc14847b04d2199656071ae,sess_0027_0e614bcd,5,2026-10-03T14:08:06.061000Z,,anon_4f76e38812fe,search,Szukaj: smartfon 256gb do 2000 - Ceneo,PAGE_VIEW,0,0.0,rapid,False,False,False,False,0,0,0,0,0,0,0,,,,,0,,,,Otwarto stronę Szukaj: smartfon 256gb do 2000 - Ceneo.
evt_8e93f978da9744759391213d3177d68c,sess_0027_0e614bcd,6,2026-10-03T14:08:12.137000Z,,anon_4f76e38812fe,search,Szukaj: smartfon 256gb do 2000 - Ceneo,SCROLL,6,6.0,normal,False,False,False,False,0,0,0,0,0,0,0,,,,,0,,,,Przewinięto stronę 'Szukaj: smartfon 256gb do 2000 - Ceneo' do 1200px.
evt_f1be901db55a49439be16707fb7e7f5a,sess_0027_0e614bcd,7,2026-10-03T14:08:19.032000Z,,anon_4f76e38812fe,search,Szukaj: smartfon 256gb do 2000 - Ceneo,SCROLL,13,7.0,normal,False,False,False,False,0,0,0,0,0,0,0,,,,,0,,,,Przewinięto stronę 'Szukaj: smartfon 256gb do 2000 - Ceneo' do 2400px.
evt_4e83ee0672e848b78dcf7f28dc089cda,sess_0027_0e614bcd,8,2026-10-03T14:08:27.302000Z,,anon_4f76e38812fe,search,Szukaj: smartfon 256gb do 2000 - Ceneo,SCROLL,21,8.0,normal,False,False,False,False,0,0,0,0,0,0,0,,,,,0,,,,Przewinięto stronę 'Szukaj: smartfon 256gb do 2000 - Ceneo' do 3600px.
evt_e836000a3da84e1680ecef43baa19d22,sess_0027_0e614bcd,9,2026-10-03T14:08:59.974000Z,,anon_4f76e38812fe,search,Szukaj: smartfon 256gb do 2000 - Ceneo,TAB_HIDDEN,54,33.0,stalled,False,False,False,False,0,0,0,0,0,0,0,,,,,0,,,,Karta przeglądarki została ukryta.
evt_1d05e74fa20f426084e43a60b6af0257,sess_0027_0e614bcd,10,2026-10-03T14:09:46.706000Z,,anon_4f76e38812fe,search,Szukaj: smartfon 256gb do 2000 - Ceneo,TAB_VISIBLE,101,47.0,stalled,False,False,False,False,0,0,0,0,0,0,0,,,,,0,,,,Użytkownik wrócił do karty.
evt_fcb47b09557a4f1a9787ebacc2cff267,sess_0027_0e614bcd,11,2026-10-03T14:09:56.248000Z,,anon_4f76e38812fe,search,Szukaj: smartfon 256gb do 2000 - Ceneo,SCROLL,110,10.0,normal,False,False,False,False,0,0,0,0,0,0,0,,,,,0,,,,Przewinięto stronę 'Szukaj: smartfon 256gb do 2000 - Ceneo' do 4000px.
evt_93e04967083f477f875e0122a4107cdb,sess_0027_0e614bcd,12,2026-10-03T14:10:28.160000Z,,anon_4f76e38812fe,category,Smartfony - Ceneo,LONG_HESITATION,0,32.0,stalled,False,False,False,False,0,0,0,0,0,0,0,,,,,0,,,,Długa pauza 32s przed kolejną akcją na 'Smartfony - Ceneo'.
evt_b3ef6b46015e4bdf866674cee5a71ded,sess_0027_0e614bcd,13,2026-10-03T14:10:42.267000Z,,anon_4f76e38812fe,category,Smartfony - Ceneo,SCROLL,14,14.0,hesitant,False,False,False,False,0,0,0,0,0,0,0,,,,,0,,,,Przewinięto stronę 'Smartfony - Ceneo' do 2000px.
evt_b7648a830a484db19b88617ef9c0250b,sess_0027_0e614bcd,14,2026-10-03T14:11:13.280000Z,,anon_4f76e38812fe,category,Smartfony - Ceneo,EXIT_INTENT,45,31.0,stalled,False,False,True,True,0,0,0,0,0,0,0,,,exit_intent,,0,,,,Kursor opuścił viewport u góry okna (sygnał wyjścia).
evt_cc2458bb983d43249323032dedc0ceac,sess_0028_3f6c21f7,1,2026-10-03T14:24:19.835000Z,usr_78690,anon_707df251fdb1,home,Ceneo - porównywarka cen,PAGE_VIEW,0,,normal,False,False,False,False,0,0,0,0,0,0,0,,,,,0,,,,Otwarto stronę Ceneo - porównywarka cen.
evt_0d899e8c761d4669ada0206bf2ee7ca6,sess_0028_3f6c21f7,2,2026-10-03T14:24:22.160000Z,usr_78690,anon_707df251fdb1,home,Ceneo - porównywarka cen,SCROLL,2,2.0,normal,False,False,False,False,0,0,0,0,0,0,0,,,,,0,,,,Przewinięto stronę 'Ceneo - porównywarka cen' do 800px.
evt_7cb46b24b5594aeb8e9908362d86450b,sess_0028_3f6c21f7,3,2026-10-03T14:24:25.423000Z,usr_78690,anon_707df251fdb1,home,Ceneo - porównywarka cen,SCROLL,6,3.0,normal,False,False,False,False,0,0,0,0,0,0,0,,,,,0,,,,Przewinięto stronę 'Ceneo - porównywarka cen' do 1600px.
evt_bffbda199e64473ead7f43fde70e156d,sess_0028_3f6c21f7,4,2026-10-03T14:24:28.016000Z,usr_78690,anon_707df251fdb1,search,Szukaj: nothing phone 2a - Ceneo,SEARCH_QUERY,8,3.0,normal,False,False,False,False,0,0,0,0,0,0,0,,,,,0,,,,"Wyszukano ""nothing phone 2a"" (6 wyników)."
evt_b83671b0a17f45d994bf8209dcddb0be,sess_0028_3f6c21f7,5,2026-10-03T14:24:28.016000Z,usr_78690,anon_707df251fdb1,search,Szukaj: nothing phone 2a - Ceneo,PAGE_VIEW,0,0.0,rapid,False,False,False,False,0,0,0,0,0,0,0,,,,,0,,,,Otwarto stronę Szukaj: nothing phone 2a - Ceneo.
evt_cef835da943140fca5fb659afd752fc5,sess_0028_3f6c21f7,6,2026-10-03T14:24:34.796000Z,usr_78690,anon_707df251fdb1,search,Szukaj: nothing phone 2a - Ceneo,SCROLL,7,7.0,normal,False,False,False,False,0,0,0,0,0,0,0,,,,,0,,,,Przewinięto stronę 'Szukaj: nothing phone 2a - Ceneo' do 1200px.
evt_0bc5aea963e5412ea9858a46c1c7d780,sess_0028_3f6c21f7,7,2026-10-03T14:24:40.010000Z,usr_78690,anon_707df251fdb1,search,Szukaj: nothing phone 2a - Ceneo,SCROLL,12,5.0,normal,False,False,False,False,0,0,0,0,0,0,0,,,,,0,,,,Przewinięto stronę 'Szukaj: nothing phone 2a - Ceneo' do 2400px.
evt_503ed5a6c9834411b86771f04d9b5eda,sess_0028_3f6c21f7,8,2026-10-03T14:24:48.594000Z,usr_78690,anon_707df251fdb1,search,Szukaj: nothing phone 2a - Ceneo,SCROLL,21,9.0,normal,False,False,False,False,0,0,0,0,0,0,0,,,,,0,,,,Przewinięto stronę 'Szukaj: nothing phone 2a - Ceneo' do 3600px.
evt_67ca8e23771848f3a90817f2ea7f08fc,sess_0028_3f6c21f7,9,2026-10-03T14:25:26.076000Z,usr_78690,anon_707df251fdb1,search,Szukaj: nothing phone 2a - Ceneo,TAB_HIDDEN,58,37.0,stalled,False,False,False,False,0,0,0,0,0,0,0,,,,,0,,,,Karta przeglądarki została ukryta.
evt_d9a6e3d815af45fc87f9c2ad0b0070b5,sess_0028_3f6c21f7,10,2026-10-03T14:26:04.879000Z,usr_78690,anon_707df251fdb1,search,Szukaj: nothing phone 2a - Ceneo,TAB_VISIBLE,97,39.0,stalled,False,False,False,False,0,0,0,0,0,0,0,,,,,0,,,,Użytkownik wrócił do karty.
evt_89ffd692ec824d53bf950e81ff728897,sess_0028_3f6c21f7,11,2026-10-03T14:26:17.449000Z,usr_78690,anon_707df251fdb1,search,Szukaj: nothing phone 2a - Ceneo,SCROLL,109,13.0,hesitant,False,False,False,False,0,0,0,0,0,0,0,,,,,0,,,,Przewinięto stronę 'Szukaj: nothing phone 2a - Ceneo' do 4000px.
evt_347e024173ff4722a9bd325c0a559bc8,sess_0028_3f6c21f7,12,2026-10-03T14:26:45.782000Z,usr_78690,anon_707df251fdb1,category,Smartfony - Ceneo,LONG_HESITATION,0,28.0,hesitant,False,False,False,False,0,0,0,0,0,0,0,,,,,0,,,,Długa pauza 28s przed kolejną akcją na 'Smartfony - Ceneo'.
evt_f7bf68502b994575be72598ddf040c9e,sess_0028_3f6c21f7,13,2026-10-03T14:26:57.846000Z,usr_78690,anon_707df251fdb1,category,Smartfony - Ceneo,SCROLL,12,12.0,hesitant,False,False,False,False,0,0,0,0,0,0,0,,,,,0,,,,Przewinięto stronę 'Smartfony - Ceneo' do 2000px.
evt_354c644e3e9446e8bf1579883927b53f,sess_0028_3f6c21f7,14,2026-10-03T14:27:37.720000Z,usr_78690,anon_707df251fdb1,category,Smartfony - Ceneo,EXIT_INTENT,52,40.0,stalled,False,False,True,True,0,0,0,0,0,0,0,,,exit_intent,,0,,,,Kursor opuścił viewport u góry okna (sygnał wyjścia).
evt_1ad445d45d104e159ae946c54f76b894,sess_0029_b2cf952d,1,2026-10-03T14:29:56.386000Z,,anon_98549f222102,home,Ceneo - porównywarka cen,PAGE_VIEW,0,,normal,False,False,False,False,0,0,0,0,0,0,0,,,,,0,,,,Otwarto stronę Ceneo - porównywarka cen.
evt_b07ab9eb185f4b4f9d85e37b259098b5,sess_0029_b2cf952d,2,2026-10-03T14:29:59.530000Z,,anon_98549f222102,home,Ceneo - porównywarka cen,SCROLL,3,3.0,normal,False,False,False,False,0,0,0,0,0,0,0,,,,,0,,,,Przewinięto stronę 'Ceneo - porównywarka cen' do 800px.
evt_51c48467915c4801b48e363c29cc43c0,sess_0029_b2cf952d,3,2026-10-03T14:30:03.347000Z,,anon_98549f222102,home,Ceneo - porównywarka cen,SCROLL,7,4.0,normal,False,False,False,False,0,0,0,0,0,0,0,,,,,0,,,,Przewinięto stronę 'Ceneo - porównywarka cen' do 1600px.
evt_f35975afa43c4e17b3cef4f49338a647,sess_0029_b2cf952d,4,2026-10-03T14:30:05.819000Z,,anon_98549f222102,search,Szukaj: smartfon samsung 5g - Ceneo,SEARCH_QUERY,9,2.0,normal,False,False,False,False,0,0,0,0,0,0,0,,,,,0,,,,"Wyszukano ""smartfon samsung 5g"" (28 wyników)."
evt_5ad5113b60d14542b5968659d82e7c10,sess_0029_b2cf952d,5,2026-10-03T14:30:05.819000Z,,anon_98549f222102,search,Szukaj: smartfon samsung 5g - Ceneo,PAGE_VIEW,0,0.0,rapid,False,False,False,False,0,0,0,0,0,0,0,,,,,0,,,,Otwarto stronę Szukaj: smartfon samsung 5g - Ceneo.
evt_9fea4b4ad6ab4ef1b23150adb6386f8e,sess_0029_b2cf952d,6,2026-10-03T14:30:12.626000Z,,anon_98549f222102,search,Szukaj: smartfon samsung 5g - Ceneo,SCROLL,7,7.0,normal,False,False,False,False,0,0,0,0,0,0,0,,,,,0,,,,Przewinięto stronę 'Szukaj: smartfon samsung 5g - Ceneo' do 1200px.
evt_a08c5d03dc8e464996be712eb12f34ff,sess_0029_b2cf952d,7,2026-10-03T14:30:18.008000Z,,anon_98549f222102,search,Szukaj: smartfon samsung 5g - Ceneo,SCROLL,12,5.0,normal,False,False,False,False,0,0,0,0,0,0,0,,,,,0,,,,Przewinięto stronę 'Szukaj: smartfon samsung 5g - Ceneo' do 2400px.
evt_130e5a7e92fb4038806c46b09cd3a97e,sess_0029_b2cf952d,8,2026-10-03T14:30:26.754000Z,,anon_98549f222102,search,Szukaj: smartfon samsung 5g - Ceneo,SCROLL,21,9.0,normal,False,False,False,False,0,0,0,0,0,0,0,,,,,0,,,,Przewinięto stronę 'Szukaj: smartfon samsung 5g - Ceneo' do 3600px.
evt_03da2252a19f47f1b3d7dff25326eff9,sess_0029_b2cf952d,9,2026-10-03T14:31:07.085000Z,,anon_98549f222102,search,Szukaj: smartfon samsung 5g - Ceneo,TAB_HIDDEN,61,40.0,stalled,False,False,False,False,0,0,0,0,0,0,0,,,,,0,,,,Karta przeglądarki została ukryta.
evt_6c4027dbc3054cac98ce93faf72d01ce,sess_0029_b2cf952d,10,2026-10-03T14:31:35.682000Z,,anon_98549f222102,search,Szukaj: smartfon samsung 5g - Ceneo,TAB_VISIBLE,90,29.0,hesitant,False,False,False,False,0,0,0,0,0,0,0,,,,,0,,,,Użytkownik wrócił do karty.
evt_a6fbba9227f64a38b9493bdb24cd0a3f,sess_0029_b2cf952d,11,2026-10-03T14:31:46.212000Z,,anon_98549f222102,search,Szukaj: smartfon samsung 5g - Ceneo,SCROLL,100,11.0,hesitant,False,False,False,False,0,0,0,0,0,0,0,,,,,0,,,,Przewinięto stronę 'Szukaj: smartfon samsung 5g - Ceneo' do 4000px.
evt_d8d03d7134284f389c842ae21dc9a2da,sess_0029_b2cf952d,12,2026-10-03T14:32:11.721000Z,,anon_98549f222102,category,Smartfony - Ceneo,LONG_HESITATION,0,26.0,hesitant,False,False,False,False,0,0,0,0,0,0,0,,,,,0,,,,Długa pauza 26s przed kolejną akcją na 'Smartfony - Ceneo'.
evt_6268ee0d9e6f450c8ffdf10b8299e475,sess_0029_b2cf952d,13,2026-10-03T14:32:29.484000Z,,anon_98549f222102,category,Smartfony - Ceneo,LONG_HESITATION,18,18.0,hesitant,False,False,False,False,0,0,0,0,0,0,0,,,,,0,,,,Długa pauza 18s przed kolejną akcją na 'Smartfony - Ceneo'.
evt_07eb78f3faa8420990c420765ca03665,sess_0029_b2cf952d,14,2026-10-03T14:33:07.451000Z,,anon_98549f222102,category,Smartfony - Ceneo,EXIT_INTENT,56,38.0,stalled,False,False,True,True,0,0,0,0,0,0,0,,,exit_intent,,0,,,,Kursor opuścił viewport u góry okna (sygnał wyjścia).
evt_0b2575e4981b42778bfe36b16fcfbfa8,sess_0030_8a2e6a93,1,2026-10-03T14:36:05.538000Z,,anon_86cac6f4e238,home,Ceneo - porównywarka cen,PAGE_VIEW,0,,normal,False,False,False,False,0,0,0,0,0,0,0,,,,,0,,,,Otwarto stronę Ceneo - porównywarka cen.
evt_d1bbc72582fc4f0480505d07668faf97,sess_0030_8a2e6a93,2,2026-10-03T14:36:07.070000Z,,anon_86cac6f4e238,search,Szukaj: smartfon 256gb do 2000 - Ceneo,SEARCH_QUERY,2,2.0,normal,False,False,False,False,0,0,0,0,0,0,0,,,,,0,,,,"Wyszukano ""smartfon 256gb do 2000"" (42 wyników)."
evt_22d191a0f72d4f07a145d59cfaf921f9,sess_0030_8a2e6a93,3,2026-10-03T14:36:07.070000Z,,anon_86cac6f4e238,search,Szukaj: smartfon 256gb do 2000 - Ceneo,PAGE_VIEW,0,0.0,rapid,False,False,False,False,0,0,0,0,0,0,0,,,,,0,,,,Otwarto stronę Szukaj: smartfon 256gb do 2000 - Ceneo.
evt_d20459de16c64201bde8be3a6d6394ff,sess_0030_8a2e6a93,4,2026-10-03T14:36:08.855000Z,,anon_86cac6f4e238,search,Szukaj: smartfon 256gb do 2000 - Ceneo,FILTER_APPLIED,2,2.0,normal,False,False,False,False,0,0,0,0,0,0,0,,,,"{""brand"": ""Xiaomi""}",0,,,,Włączono filtr brand = Xiaomi.
evt_25f2c9370e284fa48fe0aab0ca97a652,sess_0030_8a2e6a93,5,2026-10-03T14:36:10.021000Z,,anon_86cac6f4e238,search,Szukaj: smartfon 256gb do 2000 - Ceneo,FILTER_APPLIED,3,1.0,normal,False,False,False,False,0,0,0,0,0,0,0,,,,"{""brand"": ""Xiaomi"", ""memory"": ""256GB""}",0,,,,Włączono filtr memory = 256GB.
evt_6bdfc10141204d3688909df237763b02,sess_0030_8a2e6a93,6,2026-10-03T14:36:12.472000Z,,anon_86cac6f4e238,search,Szukaj: smartfon 256gb do 2000 - Ceneo,PRICE_COMPARISON_CLICK,5,2.0,normal,False,False,False,False,0,0,0,0,0,0,0,,,,"{""brand"": ""Xiaomi"", ""memory"": ""256GB""}",0,Xiaomi Redmi Note 13 Pro 256GB,1299.0,,Kliknięto ofertę Xiaomi Redmi Note 13 Pro 256GB.
evt_0bf7161fc5014d24a52b9f4960bb887a,sess_0030_8a2e6a93,7,2026-10-03T14:36:13.032000Z,,anon_86cac6f4e238,product_details,Xiaomi Redmi Note 13 Pro 256GB - Ceneo,PRODUCT_INSPECT,0,1.0,normal,False,False,False,False,0,0,0,0,0,0,0,,,,"{""brand"": ""Xiaomi"", ""memory"": ""256GB""}",1,Xiaomi Redmi Note 13 Pro 256GB,1299.0,,Wejście w produkt Xiaomi Redmi Note 13 Pro 256GB.
evt_821a14bacb3f49859b633ac07d25411b,sess_0030_8a2e6a93,8,2026-10-03T14:36:26.572000Z,,anon_86cac6f4e238,product_details,Xiaomi Redmi Note 13 Pro 256GB - Ceneo,SCROLL,14,14.0,hesitant,False,False,False,False,0,0,0,0,0,0,0,,,,"{""brand"": ""Xiaomi"", ""memory"": ""256GB""}",1,Xiaomi Redmi Note 13 Pro 256GB,1299.0,,Przewinięto stronę 'Xiaomi Redmi Note 13 Pro 256GB - Ceneo' do 900px.
evt_35c24ef283c24614822ec8ce4da7e518,sess_0030_8a2e6a93,9,2026-10-03T14:36:31.544000Z,,anon_86cac6f4e238,product_details,Xiaomi Redmi Note 13 Pro 256GB - Ceneo,CLICK,19,5.0,normal,False,False,False,False,0,0,0,0,0,0,0,,,,"{""brand"": ""Xiaomi"", ""memory"": ""256GB""}",1,Xiaomi Redmi Note 13 Pro 256GB,1299.0,,Kliknięto 'Dodaj do koszyka' na stronie Xiaomi Redmi Note 13 Pro 256GB - Ceneo.
evt_0286a47dc689420a8ec84d8b73d57040,sess_0030_8a2e6a93,10,2026-10-03T14:36:31.950000Z,,anon_86cac6f4e238,product_details,Xiaomi Redmi Note 13 Pro 256GB - Ceneo,ADD_TO_CART,19,0.0,rapid,False,False,False,False,0,0,0,0,0,0,0,,,,"{""brand"": ""Xiaomi"", ""memory"": ""256GB""}",1,Xiaomi Redmi Note 13 Pro 256GB,1299.0,1299.0,Dodano do koszyka: Xiaomi Redmi Note 13 Pro 256GB.
evt_b7133aa829884998a504f2a731252904,sess_0030_8a2e6a93,11,2026-10-03T14:36:33.109000Z,,anon_86cac6f4e238,cart,Koszyk - Ceneo,CART_VIEW,0,1.0,normal,False,False,False,False,0,0,0,0,0,0,0,,,,"{""brand"": ""Xiaomi"", ""memory"": ""256GB""}",1,Xiaomi Redmi Note 13 Pro 256GB,1299.0,1299.0,CART_VIEW na stronie Koszyk - Ceneo.
evt_6cb0d03af54a4282a33478799efc6de4,sess_0030_8a2e6a93,12,2026-10-03T14:36:36.202000Z,,anon_86cac6f4e238,cart,Koszyk - Ceneo,CLICK,3,3.0,normal,False,False,False,False,0,0,0,0,0,0,0,,,,"{""brand"": ""Xiaomi"", ""memory"": ""256GB""}",1,,,1299.0,Kliknięto 'Przejdź do kasy' na stronie Koszyk - Ceneo.
evt_e0156f2d43da4cde8d54d76ce28ae841,sess_0030_8a2e6a93,13,2026-10-03T14:36:36.842000Z,,anon_86cac6f4e238,checkout,Zamówienie - Ceneo,CHECKOUT_START,0,1.0,normal,False,False,False,False,0,0,0,0,0,0,0,,,,"{""brand"": ""Xiaomi"", ""memory"": ""256GB""}",1,Xiaomi Redmi Note 13 Pro 256GB,1299.0,1299.0,CHECKOUT_START na stronie Zamówienie - Ceneo.
evt_57c9edac85df4de5a3308d75eed65256,sess_0030_8a2e6a93,14,2026-10-03T14:36:39.018000Z,,anon_86cac6f4e238,checkout,Zamówienie - Ceneo,FORM_INPUT,2,2.0,normal,False,False,False,False,0,0,0,0,0,0,0,,,,"{""brand"": ""Xiaomi"", ""memory"": ""256GB""}",1,Xiaomi Redmi Note 13 Pro 256GB,1299.0,1299.0,Wpisano wartość w pole coupon_code.
evt_bad3f5c5a50d467db4224390661c4a8c,sess_0030_8a2e6a93,15,2026-10-03T14:36:39.810000Z,,anon_86cac6f4e238,checkout,Zamówienie - Ceneo,CLICK,3,1.0,normal,False,False,False,False,0,0,0,0,0,0,0,,,,"{""brand"": ""Xiaomi"", ""memory"": ""256GB""}",1,,,1299.0,Kliknięto 'Zastosuj kod' na stronie Zamówienie - Ceneo.
evt_0597b15f8af5454eabda2d106fbf003b,sess_0030_8a2e6a93,16,2026-10-03T14:36:40.346000Z,,anon_86cac6f4e238,checkout,Zamówienie - Ceneo,CLICK,4,1.0,normal,False,False,False,False,0,0,0,0,0,0,0,,,,"{""brand"": ""Xiaomi"", ""memory"": ""256GB""}",1,Xiaomi Redmi Note 13 Pro 256GB,1299.0,1299.0,Kliknięto 'Zamawiam i płacę' na stronie Zamówienie - Ceneo.
evt_548a15129e6c455ea92dc4dffaf8fb4d,sess_0030_8a2e6a93,17,2026-10-03T14:36:41.434000Z,,anon_86cac6f4e238,checkout,Zamówienie - Ceneo,ORDER_COMPLETED,5,1.0,normal,False,False,False,False,0,0,0,0,0,0,0,,,,"{""brand"": ""Xiaomi"", ""memory"": ""256GB""}",1,Xiaomi Redmi Note 13 Pro 256GB,1299.0,1169.1,Zakończono zamówienie na kwotę 1169.1 PLN.
evt_54577a0dd8254ed1add5968309bbb594,sess_0031_9acb394a,1,2026-10-03T14:46:37.390000Z,,anon_0d5ba7cd4000,home,Ceneo - porównywarka cen,PAGE_VIEW,0,,normal,False,False,False,False,0,0,0,0,0,0,0,,,,,0,,,,Otwarto stronę Ceneo - porównywarka cen.
evt_36a0f00ab6ad459da1fe8e19996961b4,sess_0031_9acb394a,2,2026-10-03T14:46:38.395000Z,,anon_0d5ba7cd4000,search,Szukaj: smartfon 256gb do 2000 - Ceneo,SEARCH_QUERY,1,1.0,normal,False,False,False,False,0,0,0,0,0,0,0,,,,,0,,,,"Wyszukano ""smartfon 256gb do 2000"" (42 wyników)."
evt_1b01dccf8663479c9d9757a33b06ebbf,sess_0031_9acb394a,3,2026-10-03T14:46:38.395000Z,,anon_0d5ba7cd4000,search,Szukaj: smartfon 256gb do 2000 - Ceneo,PAGE_VIEW,0,0.0,rapid,False,False,False,False,0,0,0,0,0,0,0,,,,,0,,,,Otwarto stronę Szukaj: smartfon 256gb do 2000 - Ceneo.
evt_e0bcf56d0d014aa0978f48aafb823c5c,sess_0031_9acb394a,4,2026-10-03T14:46:40.666000Z,,anon_0d5ba7cd4000,search,Szukaj: smartfon 256gb do 2000 - Ceneo,FILTER_APPLIED,2,2.0,normal,False,False,False,False,0,0,0,0,0,0,0,,,,"{""brand"": ""Nothing""}",0,,,,Włączono filtr brand = Nothing.
evt_68e3c52ebeb44815a61c3174430515fd,sess_0031_9acb394a,5,2026-10-03T14:46:41.957000Z,,anon_0d5ba7cd4000,search,Szukaj: smartfon 256gb do 2000 - Ceneo,FILTER_APPLIED,4,1.0,normal,False,False,False,False,0,0,0,0,0,0,0,,,,"{""brand"": ""Nothing"", ""memory"": ""256GB""}",0,,,,Włączono filtr memory = 256GB.
evt_90f08355a1f84abe97eeaf00d4f3e052,sess_0031_9acb394a,6,2026-10-03T14:46:44.338000Z,,anon_0d5ba7cd4000,search,Szukaj: smartfon 256gb do 2000 - Ceneo,PRICE_COMPARISON_CLICK,6,2.0,normal,False,False,False,False,0,0,0,0,0,0,0,,,,"{""brand"": ""Nothing"", ""memory"": ""256GB""}",0,Nothing Phone (2a) 256GB,1449.0,,Kliknięto ofertę Nothing Phone (2a) 256GB.
evt_95194e3c7790461eab6b6e20ed711ce3,sess_0031_9acb394a,7,2026-10-03T14:46:44.950000Z,,anon_0d5ba7cd4000,product_details,Nothing Phone (2a) 256GB - Ceneo,PRODUCT_INSPECT,0,1.0,normal,False,False,False,False,0,0,0,0,0,0,0,,,,"{""brand"": ""Nothing"", ""memory"": ""256GB""}",1,Nothing Phone (2a) 256GB,1449.0,,Wejście w produkt Nothing Phone (2a) 256GB.
evt_e617631ea1134871b53d616c06f31d2f,sess_0031_9acb394a,8,2026-10-03T14:46:56.533000Z,,anon_0d5ba7cd4000,product_details,Nothing Phone (2a) 256GB - Ceneo,SCROLL,12,12.0,hesitant,False,False,False,False,0,0,0,0,0,0,0,,,,"{""brand"": ""Nothing"", ""memory"": ""256GB""}",1,Nothing Phone (2a) 256GB,1449.0,,Przewinięto stronę 'Nothing Phone (2a) 256GB - Ceneo' do 900px.
evt_aba07c2466a74a95b94868f2738842c6,sess_0031_9acb394a,9,2026-10-03T14:47:01.442000Z,,anon_0d5ba7cd4000,product_details,Nothing Phone (2a) 256GB - Ceneo,CLICK,16,5.0,normal,False,False,False,False,0,0,0,0,0,0,0,,,,"{""brand"": ""Nothing"", ""memory"": ""256GB""}",1,Nothing Phone (2a) 256GB,1449.0,,Kliknięto 'Dodaj do koszyka' na stronie Nothing Phone (2a) 256GB - Ceneo.
evt_da8eb0cc89bf4ba6a7542f8e5faa24a5,sess_0031_9acb394a,10,2026-10-03T14:47:01.918000Z,,anon_0d5ba7cd4000,product_details,Nothing Phone (2a) 256GB - Ceneo,ADD_TO_CART,17,0.0,rapid,False,False,False,False,0,0,0,0,0,0,0,,,,"{""brand"": ""Nothing"", ""memory"": ""256GB""}",1,Nothing Phone (2a) 256GB,1449.0,1449.0,Dodano do koszyka: Nothing Phone (2a) 256GB.
evt_a425200e48524c338508ed7b12d35b8e,sess_0031_9acb394a,11,2026-10-03T14:47:02.645000Z,,anon_0d5ba7cd4000,cart,Koszyk - Ceneo,CART_VIEW,0,1.0,normal,False,False,False,False,0,0,0,0,0,0,0,,,,"{""brand"": ""Nothing"", ""memory"": ""256GB""}",1,Nothing Phone (2a) 256GB,1449.0,1449.0,CART_VIEW na stronie Koszyk - Ceneo.
evt_c7d5844dba714e02bdaa3c9506d5b543,sess_0031_9acb394a,12,2026-10-03T14:47:04.754000Z,,anon_0d5ba7cd4000,cart,Koszyk - Ceneo,CLICK,2,2.0,normal,False,False,False,False,0,0,0,0,0,0,0,,,,"{""brand"": ""Nothing"", ""memory"": ""256GB""}",1,,,1449.0,Kliknięto 'Przejdź do kasy' na stronie Koszyk - Ceneo.
evt_cacc9c9c013a4b50aa0083f4f2923f6e,sess_0031_9acb394a,13,2026-10-03T14:47:05.274000Z,,anon_0d5ba7cd4000,checkout,Zamówienie - Ceneo,CHECKOUT_START,0,1.0,normal,False,False,False,False,0,0,0,0,0,0,0,,,,"{""brand"": ""Nothing"", ""memory"": ""256GB""}",1,Nothing Phone (2a) 256GB,1449.0,1449.0,CHECKOUT_START na stronie Zamówienie - Ceneo.
evt_779fe48b03764b10b4d4f32b18c4603d,sess_0031_9acb394a,14,2026-10-03T14:47:07.157000Z,,anon_0d5ba7cd4000,checkout,Zamówienie - Ceneo,FORM_INPUT,2,2.0,normal,False,False,False,False,0,0,0,0,0,0,0,,,,"{""brand"": ""Nothing"", ""memory"": ""256GB""}",1,Nothing Phone (2a) 256GB,1449.0,1449.0,Wpisano wartość w pole coupon_code.
evt_cfd4145312554c62bc4ecd6a5e20906d,sess_0031_9acb394a,15,2026-10-03T14:47:07.771000Z,,anon_0d5ba7cd4000,checkout,Zamówienie - Ceneo,CLICK,2,1.0,normal,False,False,False,False,0,0,0,0,0,0,0,,,,"{""brand"": ""Nothing"", ""memory"": ""256GB""}",1,,,1449.0,Kliknięto 'Zastosuj kod' na stronie Zamówienie - Ceneo.
evt_ae38fb0df2ff406f8652bcb9255d9ded,sess_0031_9acb394a,16,2026-10-03T14:47:08.234000Z,,anon_0d5ba7cd4000,checkout,Zamówienie - Ceneo,CLICK,3,0.0,rapid,False,False,False,False,0,0,0,0,0,0,0,,,,"{""brand"": ""Nothing"", ""memory"": ""256GB""}",1,Nothing Phone (2a) 256GB,1449.0,1449.0,Kliknięto 'Zamawiam i płacę' na stronie Zamówienie - Ceneo.
evt_135806bb69b8432f9f94bfba190cde65,sess_0031_9acb394a,17,2026-10-03T14:47:09.377000Z,,anon_0d5ba7cd4000,checkout,Zamówienie - Ceneo,ORDER_COMPLETED,4,1.0,normal,False,False,False,False,0,0,0,0,0,0,0,,,,"{""brand"": ""Nothing"", ""memory"": ""256GB""}",1,Nothing Phone (2a) 256GB,1449.0,1304.1,Zakończono zamówienie na kwotę 1304.1 PLN.
evt_793d8b38c865475386875ffe36055948,sess_0032_2387eaf6,1,2026-10-03T14:52:45.202000Z,,anon_72d78bdd7817,home,Ceneo - porównywarka cen,PAGE_VIEW,0,,normal,False,False,False,False,0,0,0,0,0,0,0,,,,,0,,,,Otwarto stronę Ceneo - porównywarka cen.
evt_a20e2c96c5fe4021847c68fe6220704b,sess_0032_2387eaf6,2,2026-10-03T14:52:46.121000Z,,anon_72d78bdd7817,search,Szukaj: smartfon 256gb do 2000 - Ceneo,SEARCH_QUERY,1,1.0,normal,False,False,False,False,0,0,0,0,0,0,0,,,,,0,,,,"Wyszukano ""smartfon 256gb do 2000"" (42 wyników)."
evt_1dbc4e30e3cb48aca248d019a9fdba28,sess_0032_2387eaf6,3,2026-10-03T14:52:46.121000Z,,anon_72d78bdd7817,search,Szukaj: smartfon 256gb do 2000 - Ceneo,PAGE_VIEW,0,0.0,rapid,False,False,False,False,0,0,0,0,0,0,0,,,,,0,,,,Otwarto stronę Szukaj: smartfon 256gb do 2000 - Ceneo.
evt_d1e8506641904fcfb0d5ba40cc275718,sess_0032_2387eaf6,4,2026-10-03T14:52:48.376000Z,,anon_72d78bdd7817,search,Szukaj: smartfon 256gb do 2000 - Ceneo,FILTER_APPLIED,2,2.0,normal,False,False,False,False,0,0,0,0,0,0,0,,,,"{""brand"": ""Google""}",0,,,,Włączono filtr brand = Google.
evt_9b5054b3f5a544f78318fda1fb2fab25,sess_0032_2387eaf6,5,2026-10-03T14:52:49.937000Z,,anon_72d78bdd7817,search,Szukaj: smartfon 256gb do 2000 - Ceneo,FILTER_APPLIED,4,2.0,normal,False,False,False,False,0,0,0,0,0,0,0,,,,"{""brand"": ""Google"", ""memory"": ""256GB""}",0,,,,Włączono filtr memory = 256GB.
evt_9f1b6d06b8b844c29c05a9766c4f6b3b,sess_0032_2387eaf6,6,2026-10-03T14:52:52.160000Z,,anon_72d78bdd7817,search,Szukaj: smartfon 256gb do 2000 - Ceneo,PRICE_COMPARISON_CLICK,6,2.0,normal,False,False,False,False,0,0,0,0,0,0,0,,,,"{""brand"": ""Google"", ""memory"": ""256GB""}",0,Google Pixel 8a 128GB,1899.0,,Kliknięto ofertę Google Pixel 8a 128GB.
evt_b3aa7753335d4495ab00caccda48457e,sess_0032_2387eaf6,7,2026-10-03T14:52:52.657000Z,,anon_72d78bdd7817,product_details,Google Pixel 8a 128GB - Ceneo,PRODUCT_INSPECT,0,0.0,rapid,False,False,False,False,0,0,0,0,0,0,0,,,,"{""brand"": ""Google"", ""memory"": ""256GB""}",1,Google Pixel 8a 128GB,1899.0,,Wejście w produkt Google Pixel 8a 128GB.
evt_eb27c320fabe4f10b018ffcf59fa2a87,sess_0032_2387eaf6,8,2026-10-03T14:53:03.124000Z,,anon_72d78bdd7817,product_details,Google Pixel 8a 128GB - Ceneo,SCROLL,10,10.0,hesitant,False,False,False,False,0,0,0,0,0,0,0,,,,"{""brand"": ""Google"", ""memory"": ""256GB""}",1,Google Pixel 8a 128GB,1899.0,,Przewinięto stronę 'Google Pixel 8a 128GB - Ceneo' do 900px.
evt_a7dd7c1df3154674a81a7797fddbc3de,sess_0032_2387eaf6,9,2026-10-03T14:53:07.319000Z,,anon_72d78bdd7817,product_details,Google Pixel 8a 128GB - Ceneo,CLICK,15,4.0,normal,False,False,False,False,0,0,0,0,0,0,0,,,,"{""brand"": ""Google"", ""memory"": ""256GB""}",1,Google Pixel 8a 128GB,1899.0,,Kliknięto 'Dodaj do koszyka' na stronie Google Pixel 8a 128GB - Ceneo.
evt_5f8cf554525349fd99e8d00dffd82c04,sess_0032_2387eaf6,10,2026-10-03T14:53:07.676000Z,,anon_72d78bdd7817,product_details,Google Pixel 8a 128GB - Ceneo,ADD_TO_CART,15,0.0,rapid,False,False,False,False,0,0,0,0,0,0,0,,,,"{""brand"": ""Google"", ""memory"": ""256GB""}",1,Google Pixel 8a 128GB,1899.0,1899.0,Dodano do koszyka: Google Pixel 8a 128GB.
evt_dd8b5fa96c434ff69df798f7fec44a02,sess_0032_2387eaf6,11,2026-10-03T14:53:08.844000Z,,anon_72d78bdd7817,cart,Koszyk - Ceneo,CART_VIEW,0,1.0,normal,False,False,False,False,0,0,0,0,0,0,0,,,,"{""brand"": ""Google"", ""memory"": ""256GB""}",1,Google Pixel 8a 128GB,1899.0,1899.0,CART_VIEW na stronie Koszyk - Ceneo.
evt_16aa088b5a17490b8310bc424bcce5ac,sess_0032_2387eaf6,12,2026-10-03T14:53:11.071000Z,,anon_72d78bdd7817,cart,Koszyk - Ceneo,CLICK,2,2.0,normal,False,False,False,False,0,0,0,0,0,0,0,,,,"{""brand"": ""Google"", ""memory"": ""256GB""}",1,,,1899.0,Kliknięto 'Przejdź do kasy' na stronie Koszyk - Ceneo.
evt_811fa8d209a842bf854d499bc6e7a4cd,sess_0032_2387eaf6,13,2026-10-03T14:53:11.479000Z,,anon_72d78bdd7817,checkout,Zamówienie - Ceneo,CHECKOUT_START,0,0.0,rapid,False,False,False,False,0,0,0,0,0,0,0,,,,"{""brand"": ""Google"", ""memory"": ""256GB""}",1,Google Pixel 8a 128GB,1899.0,1899.0,CHECKOUT_START na stronie Zamówienie - Ceneo.
evt_52fe62067d8b45e5a98ef4cad11e9ecc,sess_0032_2387eaf6,14,2026-10-03T14:53:13.806000Z,,anon_72d78bdd7817,checkout,Zamówienie - Ceneo,FORM_INPUT,2,2.0,normal,False,False,False,False,0,0,0,0,0,0,0,,,,"{""brand"": ""Google"", ""memory"": ""256GB""}",1,Google Pixel 8a 128GB,1899.0,1899.0,Wpisano wartość w pole coupon_code.
evt_56e5f92ffcaa4028a430f132bd3426b1,sess_0032_2387eaf6,15,2026-10-03T14:53:14.429000Z,,anon_72d78bdd7817,checkout,Zamówienie - Ceneo,CLICK,3,1.0,normal,False,False,False,False,0,0,0,0,0,0,0,,,,"{""brand"": ""Google"", ""memory"": ""256GB""}",1,,,1899.0,Kliknięto 'Zastosuj kod' na stronie Zamówienie - Ceneo.
evt_a9a509954fad4361b19036841a871281,sess_0032_2387eaf6,16,2026-10-03T14:53:14.802000Z,,anon_72d78bdd7817,checkout,Zamówienie - Ceneo,CLICK,3,0.0,rapid,False,False,False,False,0,0,0,0,0,0,0,,,,"{""brand"": ""Google"", ""memory"": ""256GB""}",1,Google Pixel 8a 128GB,1899.0,1899.0,Kliknięto 'Zamawiam i płacę' na stronie Zamówienie - Ceneo.
evt_e773410892ec4efabc2fb16c98fe0d25,sess_0032_2387eaf6,17,2026-10-03T14:53:16.041000Z,,anon_72d78bdd7817,checkout,Zamówienie - Ceneo,ORDER_COMPLETED,5,1.0,normal,False,False,False,False,0,0,0,0,0,0,0,,,,"{""brand"": ""Google"", ""memory"": ""256GB""}",1,Google Pixel 8a 128GB,1899.0,1709.1,Zakończono zamówienie na kwotę 1709.1 PLN.
evt_446e7a19703b4090853b904ed1b202b9,sess_0033_8603156a,1,2026-10-03T15:06:07.459000Z,usr_78951,anon_f41243601153,home,Ceneo - porównywarka cen,PAGE_VIEW,0,,normal,False,False,False,False,0,0,0,0,0,0,0,,,,,0,,,,Otwarto stronę Ceneo - porównywarka cen.
evt_45d6c211ebab4e9dade244dd5733e6a5,sess_0033_8603156a,2,2026-10-03T15:06:08.878000Z,usr_78951,anon_f41243601153,search,Szukaj: smartfon 256gb do 2000 - Ceneo,SEARCH_QUERY,1,1.0,normal,False,False,False,False,0,0,0,0,0,0,0,,,,,0,,,,"Wyszukano ""smartfon 256gb do 2000"" (42 wyników)."
evt_4133b760b105425abc58eaca623f78e5,sess_0033_8603156a,3,2026-10-03T15:06:08.878000Z,usr_78951,anon_f41243601153,search,Szukaj: smartfon 256gb do 2000 - Ceneo,PAGE_VIEW,0,0.0,rapid,False,False,False,False,0,0,0,0,0,0,0,,,,,0,,,,Otwarto stronę Szukaj: smartfon 256gb do 2000 - Ceneo.
evt_1230ab155f964e43b0c3d7e0d45a456c,sess_0033_8603156a,4,2026-10-03T15:06:10.677000Z,usr_78951,anon_f41243601153,search,Szukaj: smartfon 256gb do 2000 - Ceneo,FILTER_APPLIED,2,2.0,normal,False,False,False,False,0,0,0,0,0,0,0,,,,"{""brand"": ""Google""}",0,,,,Włączono filtr brand = Google.
evt_97ab960c2c164ce7b48467f269f9ca46,sess_0033_8603156a,5,2026-10-03T15:06:11.721000Z,usr_78951,anon_f41243601153,search,Szukaj: smartfon 256gb do 2000 - Ceneo,FILTER_APPLIED,3,1.0,normal,False,False,False,False,0,0,0,0,0,0,0,,,,"{""brand"": ""Google"", ""memory"": ""256GB""}",0,,,,Włączono filtr memory = 256GB.
evt_c399406876fc4b6bb1586856257f6528,sess_0033_8603156a,6,2026-10-03T15:06:13.717000Z,usr_78951,anon_f41243601153,search,Szukaj: smartfon 256gb do 2000 - Ceneo,PRICE_COMPARISON_CLICK,5,2.0,normal,False,False,False,False,0,0,0,0,0,0,0,,,,"{""brand"": ""Google"", ""memory"": ""256GB""}",0,Google Pixel 8a 128GB,1899.0,,Kliknięto ofertę Google Pixel 8a 128GB.
evt_d75323656317424aaaf8cb6f4511c0ce,sess_0033_8603156a,7,2026-10-03T15:06:14.075000Z,usr_78951,anon_f41243601153,product_details,Google Pixel 8a 128GB - Ceneo,PRODUCT_INSPECT,0,0.0,rapid,False,False,False,False,0,0,0,0,0,0,0,,,,"{""brand"": ""Google"", ""memory"": ""256GB""}",1,Google Pixel 8a 128GB,1899.0,,Wejście w produkt Google Pixel 8a 128GB.
evt_d094469683e8412eb23172b0868ee66e,sess_0033_8603156a,8,2026-10-03T15:06:22.628000Z,usr_78951,anon_f41243601153,product_details,Google Pixel 8a 128GB - Ceneo,SCROLL,9,9.0,normal,False,False,False,False,0,0,0,0,0,0,0,,,,"{""brand"": ""Google"", ""memory"": ""256GB""}",1,Google Pixel 8a 128GB,1899.0,,Przewinięto stronę 'Google Pixel 8a 128GB - Ceneo' do 900px.
evt_8f86f23243b649ad876746e6f428511b,sess_0033_8603156a,9,2026-10-03T15:06:27.615000Z,usr_78951,anon_f41243601153,product_details,Google Pixel 8a 128GB - Ceneo,CLICK,14,5.0,normal,False,False,False,False,0,0,0,0,0,0,0,,,,"{""brand"": ""Google"", ""memory"": ""256GB""}",1,Google Pixel 8a 128GB,1899.0,,Kliknięto 'Dodaj do koszyka' na stronie Google Pixel 8a 128GB - Ceneo.
evt_677319e9a0c74c9599b08d8d259b015a,sess_0033_8603156a,10,2026-10-03T15:06:28.033000Z,usr_78951,anon_f41243601153,product_details,Google Pixel 8a 128GB - Ceneo,ADD_TO_CART,14,0.0,rapid,False,False,False,False,0,0,0,0,0,0,0,,,,"{""brand"": ""Google"", ""memory"": ""256GB""}",1,Google Pixel 8a 128GB,1899.0,1899.0,Dodano do koszyka: Google Pixel 8a 128GB.
evt_63be53e2336a456daeadfdbc3ea1bfcd,sess_0033_8603156a,11,2026-10-03T15:06:28.839000Z,usr_78951,anon_f41243601153,cart,Koszyk - Ceneo,CART_VIEW,0,1.0,normal,False,False,False,False,0,0,0,0,0,0,0,,,,"{""brand"": ""Google"", ""memory"": ""256GB""}",1,Google Pixel 8a 128GB,1899.0,1899.0,CART_VIEW na stronie Koszyk - Ceneo.
evt_4f8b61e759584f2e902c519ba30318f0,sess_0033_8603156a,12,2026-10-03T15:06:32.030000Z,usr_78951,anon_f41243601153,cart,Koszyk - Ceneo,CLICK,3,3.0,normal,False,False,False,False,0,0,0,0,0,0,0,,,,"{""brand"": ""Google"", ""memory"": ""256GB""}",1,,,1899.0,Kliknięto 'Przejdź do kasy' na stronie Koszyk - Ceneo.
evt_46959d27d3764980810de7c50e5c5096,sess_0033_8603156a,13,2026-10-03T15:06:32.610000Z,usr_78951,anon_f41243601153,checkout,Zamówienie - Ceneo,CHECKOUT_START,0,1.0,normal,False,False,False,False,0,0,0,0,0,0,0,,,,"{""brand"": ""Google"", ""memory"": ""256GB""}",1,Google Pixel 8a 128GB,1899.0,1899.0,CHECKOUT_START na stronie Zamówienie - Ceneo.
evt_1b712eb69a0748289e538668ae2e3bec,sess_0033_8603156a,14,2026-10-03T15:06:34.756000Z,usr_78951,anon_f41243601153,checkout,Zamówienie - Ceneo,FORM_INPUT,2,2.0,normal,False,False,False,False,0,0,0,0,0,0,0,,,,"{""brand"": ""Google"", ""memory"": ""256GB""}",1,Google Pixel 8a 128GB,1899.0,1899.0,Wpisano wartość w pole coupon_code.
evt_9af187fc3aaf4e84915cecc1344f7fb3,sess_0033_8603156a,15,2026-10-03T15:06:35.345000Z,usr_78951,anon_f41243601153,checkout,Zamówienie - Ceneo,CLICK,3,1.0,normal,False,False,False,False,0,0,0,0,0,0,0,,,,"{""brand"": ""Google"", ""memory"": ""256GB""}",1,,,1899.0,Kliknięto 'Zastosuj kod' na stronie Zamówienie - Ceneo.
evt_a604972317524fdf9e3bb3bb358c09bb,sess_0033_8603156a,16,2026-10-03T15:06:35.882000Z,usr_78951,anon_f41243601153,checkout,Zamówienie - Ceneo,CLICK,3,1.0,normal,False,False,False,False,0,0,0,0,0,0,0,,,,"{""brand"": ""Google"", ""memory"": ""256GB""}",1,Google Pixel 8a 128GB,1899.0,1899.0,Kliknięto 'Zamawiam i płacę' na stronie Zamówienie - Ceneo.
evt_8e7722219e1f41cca2634c08c340c6a0,sess_0033_8603156a,17,2026-10-03T15:06:37.172000Z,usr_78951,anon_f41243601153,checkout,Zamówienie - Ceneo,ORDER_COMPLETED,5,1.0,normal,False,False,False,False,0,0,0,0,0,0,0,,,,"{""brand"": ""Google"", ""memory"": ""256GB""}",1,Google Pixel 8a 128GB,1899.0,1709.1,Zakończono zamówienie na kwotę 1709.1 PLN.
evt_803e2884ccc6454ebb85cdd1ccfeb958,sess_0034_339b77a8,1,2026-10-03T15:12:15.361000Z,,anon_e2c328aa3310,home,Ceneo - porównywarka cen,PAGE_VIEW,0,,normal,False,False,False,False,0,0,0,0,0,0,0,,,,,0,,,,Otwarto stronę Ceneo - porównywarka cen.
evt_eff0b349901f41ce9384ef447ce9dab9,sess_0034_339b77a8,2,2026-10-03T15:12:16.788000Z,,anon_e2c328aa3310,search,Szukaj: smartfon 256gb do 2000 - Ceneo,SEARCH_QUERY,1,1.0,normal,False,False,False,False,0,0,0,0,0,0,0,,,,,0,,,,"Wyszukano ""smartfon 256gb do 2000"" (42 wyników)."
evt_4f463c71aff349c2b396322dcf1782ba,sess_0034_339b77a8,3,2026-10-03T15:12:16.788000Z,,anon_e2c328aa3310,search,Szukaj: smartfon 256gb do 2000 - Ceneo,PAGE_VIEW,0,0.0,rapid,False,False,False,False,0,0,0,0,0,0,0,,,,,0,,,,Otwarto stronę Szukaj: smartfon 256gb do 2000 - Ceneo.
evt_50deac50cd45423fbbdf29588e8e6b98,sess_0034_339b77a8,4,2026-10-03T15:12:18.672000Z,,anon_e2c328aa3310,search,Szukaj: smartfon 256gb do 2000 - Ceneo,FILTER_APPLIED,2,2.0,normal,False,False,False,False,0,0,0,0,0,0,0,,,,"{""brand"": ""Xiaomi""}",0,,,,Włączono filtr brand = Xiaomi.
evt_e2e77db528da43c98629baebaba5d89c,sess_0034_339b77a8,5,2026-10-03T15:12:19.709000Z,,anon_e2c328aa3310,search,Szukaj: smartfon 256gb do 2000 - Ceneo,FILTER_APPLIED,3,1.0,normal,False,False,False,False,0,0,0,0,0,0,0,,,,"{""brand"": ""Xiaomi"", ""memory"": ""256GB""}",0,,,,Włączono filtr memory = 256GB.
evt_73308cf9d1e54278bcf07cce16050f28,sess_0034_339b77a8,6,2026-10-03T15:12:21.971000Z,,anon_e2c328aa3310,search,Szukaj: smartfon 256gb do 2000 - Ceneo,PRICE_COMPARISON_CLICK,5,2.0,normal,False,False,False,False,0,0,0,0,0,0,0,,,,"{""brand"": ""Xiaomi"", ""memory"": ""256GB""}",0,Xiaomi Redmi Note 13 Pro 256GB,1299.0,,Kliknięto ofertę Xiaomi Redmi Note 13 Pro 256GB.
evt_cc997a17b36c49e4b83c50ed453e170d,sess_0034_339b77a8,7,2026-10-03T15:12:22.345000Z,,anon_e2c328aa3310,product_details,Xiaomi Redmi Note 13 Pro 256GB - Ceneo,PRODUCT_INSPECT,0,0.0,rapid,False,False,False,False,0,0,0,0,0,0,0,,,,"{""brand"": ""Xiaomi"", ""memory"": ""256GB""}",1,Xiaomi Redmi Note 13 Pro 256GB,1299.0,,Wejście w produkt Xiaomi Redmi Note 13 Pro 256GB.
evt_0ccae7d0cd6d4570926712e96fc3fc30,sess_0034_339b77a8,8,2026-10-03T15:12:33.064000Z,,anon_e2c328aa3310,product_details,Xiaomi Redmi Note 13 Pro 256GB - Ceneo,SCROLL,11,11.0,hesitant,False,False,False,False,0,0,0,0,0,0,0,,,,"{""brand"": ""Xiaomi"", ""memory"": ""256GB""}",1,Xiaomi Redmi Note 13 Pro 256GB,1299.0,,Przewinięto stronę 'Xiaomi Redmi Note 13 Pro 256GB - Ceneo' do 900px.
evt_321f7f3128fb430bb8e30ab69df5c05f,sess_0034_339b77a8,9,2026-10-03T15:12:37.573000Z,,anon_e2c328aa3310,product_details,Xiaomi Redmi Note 13 Pro 256GB - Ceneo,CLICK,15,5.0,normal,False,False,False,False,0,0,0,0,0,0,0,,,,"{""brand"": ""Xiaomi"", ""memory"": ""256GB""}",1,Xiaomi Redmi Note 13 Pro 256GB,1299.0,,Kliknięto 'Dodaj do koszyka' na stronie Xiaomi Redmi Note 13 Pro 256GB - Ceneo.
evt_3dc7153b960e4463b951742c13431db5,sess_0034_339b77a8,10,2026-10-03T15:12:37.934000Z,,anon_e2c328aa3310,product_details,Xiaomi Redmi Note 13 Pro 256GB - Ceneo,ADD_TO_CART,16,0.0,rapid,False,False,False,False,0,0,0,0,0,0,0,,,,"{""brand"": ""Xiaomi"", ""memory"": ""256GB""}",1,Xiaomi Redmi Note 13 Pro 256GB,1299.0,1299.0,Dodano do koszyka: Xiaomi Redmi Note 13 Pro 256GB.
evt_4b1bf1bb679741768a80893947c76909,sess_0034_339b77a8,11,2026-10-03T15:12:39.084000Z,,anon_e2c328aa3310,cart,Koszyk - Ceneo,CART_VIEW,0,1.0,normal,False,False,False,False,0,0,0,0,0,0,0,,,,"{""brand"": ""Xiaomi"", ""memory"": ""256GB""}",1,Xiaomi Redmi Note 13 Pro 256GB,1299.0,1299.0,CART_VIEW na stronie Koszyk - Ceneo.
evt_b06bc00cbd644c469424032ab8f4ebd7,sess_0034_339b77a8,12,2026-10-03T15:12:41.778000Z,,anon_e2c328aa3310,cart,Koszyk - Ceneo,CLICK,3,3.0,normal,False,False,False,False,0,0,0,0,0,0,0,,,,"{""brand"": ""Xiaomi"", ""memory"": ""256GB""}",1,,,1299.0,Kliknięto 'Przejdź do kasy' na stronie Koszyk - Ceneo.
evt_2033f63dfb7a44e38d8382b7bb3d474d,sess_0034_339b77a8,13,2026-10-03T15:12:42.432000Z,,anon_e2c328aa3310,checkout,Zamówienie - Ceneo,CHECKOUT_START,0,1.0,normal,False,False,False,False,0,0,0,0,0,0,0,,,,"{""brand"": ""Xiaomi"", ""memory"": ""256GB""}",1,Xiaomi Redmi Note 13 Pro 256GB,1299.0,1299.0,CHECKOUT_START na stronie Zamówienie - Ceneo.
evt_cf63e66aa70d47acb396059b1b0583f7,sess_0034_339b77a8,14,2026-10-03T15:12:45.178000Z,,anon_e2c328aa3310,checkout,Zamówienie - Ceneo,FORM_INPUT,3,3.0,normal,False,False,False,False,0,0,0,0,0,0,0,,,,"{""brand"": ""Xiaomi"", ""memory"": ""256GB""}",1,Xiaomi Redmi Note 13 Pro 256GB,1299.0,1299.0,Wpisano wartość w pole coupon_code.
evt_98d5bf1932a6406baca7633a206f666f,sess_0034_339b77a8,15,2026-10-03T15:12:45.814000Z,,anon_e2c328aa3310,checkout,Zamówienie - Ceneo,CLICK,3,1.0,normal,False,False,False,False,0,0,0,0,0,0,0,,,,"{""brand"": ""Xiaomi"", ""memory"": ""256GB""}",1,,,1299.0,Kliknięto 'Zastosuj kod' na stronie Zamówienie - Ceneo.
evt_06f0f753ef8147ccb17fb9ae0cd26ad6,sess_0034_339b77a8,16,2026-10-03T15:12:46.331000Z,,anon_e2c328aa3310,checkout,Zamówienie - Ceneo,CLICK,4,1.0,normal,False,False,False,False,0,0,0,0,0,0,0,,,,"{""brand"": ""Xiaomi"", ""memory"": ""256GB""}",1,Xiaomi Redmi Note 13 Pro 256GB,1299.0,1299.0,Kliknięto 'Zamawiam i płacę' na stronie Zamówienie - Ceneo.
evt_a5d5639603964fe9a3a5780dfb58402c,sess_0034_339b77a8,17,2026-10-03T15:12:47.571000Z,,anon_e2c328aa3310,checkout,Zamówienie - Ceneo,ORDER_COMPLETED,5,1.0,normal,False,False,False,False,0,0,0,0,0,0,0,,,,"{""brand"": ""Xiaomi"", ""memory"": ""256GB""}",1,Xiaomi Redmi Note 13 Pro 256GB,1299.0,1169.1,Zakończono zamówienie na kwotę 1169.1 PLN.
evt_10406b673b18423f990fa0bc38d3f942,sess_0035_4baf0f5e,1,2026-10-03T15:29:26.553000Z,usr_65851,anon_b7b8c1a59a45,home,Ceneo - porównywarka cen,PAGE_VIEW,0,,normal,False,False,False,False,0,0,0,0,0,0,0,,,,,0,,,,Otwarto stronę Ceneo - porównywarka cen.
evt_e157da2f065540d89ba7211896fbcd9f,sess_0035_4baf0f5e,2,2026-10-03T15:29:27.812000Z,usr_65851,anon_b7b8c1a59a45,search,Szukaj: smartfon 256gb do 2000 - Ceneo,SEARCH_QUERY,1,1.0,normal,False,False,False,False,0,0,0,0,0,0,0,,,,,0,,,,"Wyszukano ""smartfon 256gb do 2000"" (42 wyników)."
evt_53521564a5ad4705b7682e97385352d9,sess_0035_4baf0f5e,3,2026-10-03T15:29:27.812000Z,usr_65851,anon_b7b8c1a59a45,search,Szukaj: smartfon 256gb do 2000 - Ceneo,PAGE_VIEW,0,0.0,rapid,False,False,False,False,0,0,0,0,0,0,0,,,,,0,,,,Otwarto stronę Szukaj: smartfon 256gb do 2000 - Ceneo.
evt_4077c147ee9c40eebdc8c889ed5abd7d,sess_0035_4baf0f5e,4,2026-10-03T15:29:29.956000Z,usr_65851,anon_b7b8c1a59a45,search,Szukaj: smartfon 256gb do 2000 - Ceneo,FILTER_APPLIED,2,2.0,normal,False,False,False,False,0,0,0,0,0,0,0,,,,"{""brand"": ""Xiaomi""}",0,,,,Włączono filtr brand = Xiaomi.
evt_379ff1cc97f847e29b11b4c6e760c221,sess_0035_4baf0f5e,5,2026-10-03T15:29:31.585000Z,usr_65851,anon_b7b8c1a59a45,search,Szukaj: smartfon 256gb do 2000 - Ceneo,FILTER_APPLIED,4,2.0,normal,False,False,False,False,0,0,0,0,0,0,0,,,,"{""brand"": ""Xiaomi"", ""memory"": ""256GB""}",0,,,,Włączono filtr memory = 256GB.
evt_d76e393d6dc647cba7ba850000d8c532,sess_0035_4baf0f5e,6,2026-10-03T15:29:33.466000Z,usr_65851,anon_b7b8c1a59a45,search,Szukaj: smartfon 256gb do 2000 - Ceneo,PRICE_COMPARISON_CLICK,6,2.0,normal,False,False,False,False,0,0,0,0,0,0,0,,,,"{""brand"": ""Xiaomi"", ""memory"": ""256GB""}",0,Poco X6 Pro 512GB,1599.0,,Kliknięto ofertę Poco X6 Pro 512GB.
evt_6b0fc5b853504cd7b66221cfcc4ed9cc,sess_0035_4baf0f5e,7,2026-10-03T15:29:34.023000Z,usr_65851,anon_b7b8c1a59a45,product_details,Poco X6 Pro 512GB - Ceneo,PRODUCT_INSPECT,0,1.0,normal,False,False,False,False,0,0,0,0,0,0,0,,,,"{""brand"": ""Xiaomi"", ""memory"": ""256GB""}",1,Poco X6 Pro 512GB,1599.0,,Wejście w produkt Poco X6 Pro 512GB.
evt_2589fa7d1072440fb9ba41f616e176c6,sess_0035_4baf0f5e,8,2026-10-03T15:29:46.226000Z,usr_65851,anon_b7b8c1a59a45,product_details,Poco X6 Pro 512GB - Ceneo,SCROLL,12,12.0,hesitant,False,False,False,False,0,0,0,0,0,0,0,,,,"{""brand"": ""Xiaomi"", ""memory"": ""256GB""}",1,Poco X6 Pro 512GB,1599.0,,Przewinięto stronę 'Poco X6 Pro 512GB - Ceneo' do 900px.
evt_485556ed91694e7eb3fbcc3840911433,sess_0035_4baf0f5e,9,2026-10-03T15:29:53.008000Z,usr_65851,anon_b7b8c1a59a45,product_details,Poco X6 Pro 512GB - Ceneo,CLICK,19,7.0,normal,False,False,False,False,0,0,0,0,0,0,0,,,,"{""brand"": ""Xiaomi"", ""memory"": ""256GB""}",1,Poco X6 Pro 512GB,1599.0,,Kliknięto 'Dodaj do koszyka' na stronie Poco X6 Pro 512GB - Ceneo.
evt_364b532f9f3849d6a9aaed28419bd0c2,sess_0035_4baf0f5e,10,2026-10-03T15:29:53.501000Z,usr_65851,anon_b7b8c1a59a45,product_details,Poco X6 Pro 512GB - Ceneo,ADD_TO_CART,19,0.0,rapid,False,False,False,False,0,0,0,0,0,0,0,,,,"{""brand"": ""Xiaomi"", ""memory"": ""256GB""}",1,Poco X6 Pro 512GB,1599.0,1599.0,Dodano do koszyka: Poco X6 Pro 512GB.
evt_918563787bbe483dbe32bd1235567f48,sess_0035_4baf0f5e,11,2026-10-03T15:29:54.347000Z,usr_65851,anon_b7b8c1a59a45,cart,Koszyk - Ceneo,CART_VIEW,0,1.0,normal,False,False,False,False,0,0,0,0,0,0,0,,,,"{""brand"": ""Xiaomi"", ""memory"": ""256GB""}",1,Poco X6 Pro 512GB,1599.0,1599.0,CART_VIEW na stronie Koszyk - Ceneo.
evt_487c5ff714564e07acb580f7de69666d,sess_0035_4baf0f5e,12,2026-10-03T15:29:57.735000Z,usr_65851,anon_b7b8c1a59a45,cart,Koszyk - Ceneo,CLICK,3,3.0,normal,False,False,False,False,0,0,0,0,0,0,0,,,,"{""brand"": ""Xiaomi"", ""memory"": ""256GB""}",1,,,1599.0,Kliknięto 'Przejdź do kasy' na stronie Koszyk - Ceneo.
evt_9349c286e166465589d4890cb7cacfe8,sess_0035_4baf0f5e,13,2026-10-03T15:29:58.169000Z,usr_65851,anon_b7b8c1a59a45,checkout,Zamówienie - Ceneo,CHECKOUT_START,0,0.0,rapid,False,False,False,False,0,0,0,0,0,0,0,,,,"{""brand"": ""Xiaomi"", ""memory"": ""256GB""}",1,Poco X6 Pro 512GB,1599.0,1599.0,CHECKOUT_START na stronie Zamówienie - Ceneo.
evt_5d0e3b0bc9ee42b89b35592dd33d6298,sess_0035_4baf0f5e,14,2026-10-03T15:30:00.766000Z,usr_65851,anon_b7b8c1a59a45,checkout,Zamówienie - Ceneo,FORM_INPUT,3,3.0,normal,False,False,False,False,0,0,0,0,0,0,0,,,,"{""brand"": ""Xiaomi"", ""memory"": ""256GB""}",1,Poco X6 Pro 512GB,1599.0,1599.0,Wpisano wartość w pole coupon_code.
evt_0774b19a7a344857a0297c07052b5d2d,sess_0035_4baf0f5e,15,2026-10-03T15:30:01.453000Z,usr_65851,anon_b7b8c1a59a45,checkout,Zamówienie - Ceneo,CLICK,3,1.0,normal,False,False,False,False,0,0,0,0,0,0,0,,,,"{""brand"": ""Xiaomi"", ""memory"": ""256GB""}",1,,,1599.0,Kliknięto 'Zastosuj kod' na stronie Zamówienie - Ceneo.
evt_d27e0e8254ac4b0c8ddf19100409f026,sess_0035_4baf0f5e,16,2026-10-03T15:30:01.949000Z,usr_65851,anon_b7b8c1a59a45,checkout,Zamówienie - Ceneo,CLICK,4,0.0,rapid,False,False,False,False,0,0,0,0,0,0,0,,,,"{""brand"": ""Xiaomi"", ""memory"": ""256GB""}",1,Poco X6 Pro 512GB,1599.0,1599.0,Kliknięto 'Zamawiam i płacę' na stronie Zamówienie - Ceneo.
evt_8c4a517d45de4187bf3c20d24d9325f5,sess_0035_4baf0f5e,17,2026-10-03T15:30:02.782000Z,usr_65851,anon_b7b8c1a59a45,checkout,Zamówienie - Ceneo,ORDER_COMPLETED,5,1.0,normal,False,False,False,False,0,0,0,0,0,0,0,,,,"{""brand"": ""Xiaomi"", ""memory"": ""256GB""}",1,Poco X6 Pro 512GB,1599.0,1439.1,Zakończono zamówienie na kwotę 1439.1 PLN.
evt_a5f0e6721c464546a4a20d06df7aea37,sess_0036_92ec89af,1,2026-10-03T15:36:09.327000Z,usr_51207,anon_65e58f345df0,home,Ceneo - porównywarka cen,PAGE_VIEW,0,,normal,False,False,False,False,0,0,0,0,0,0,0,,,,,0,,,,Otwarto stronę Ceneo - porównywarka cen.
evt_3ea3a8e74cd54eb5a277485545a4e5fc,sess_0036_92ec89af,2,2026-10-03T15:36:10.253000Z,usr_51207,anon_65e58f345df0,search,Szukaj: smartfon 256gb do 2000 - Ceneo,SEARCH_QUERY,1,1.0,normal,False,False,False,False,0,0,0,0,0,0,0,,,,,0,,,,"Wyszukano ""smartfon 256gb do 2000"" (42 wyników)."
evt_02bf704c12234f9b9c9e0be4b16aff58,sess_0036_92ec89af,3,2026-10-03T15:36:10.253000Z,usr_51207,anon_65e58f345df0,search,Szukaj: smartfon 256gb do 2000 - Ceneo,PAGE_VIEW,0,0.0,rapid,False,False,False,False,0,0,0,0,0,0,0,,,,,0,,,,Otwarto stronę Szukaj: smartfon 256gb do 2000 - Ceneo.
evt_0e56a218ce9045dcb42bd3d8908ac725,sess_0036_92ec89af,4,2026-10-03T15:36:12.164000Z,usr_51207,anon_65e58f345df0,search,Szukaj: smartfon 256gb do 2000 - Ceneo,FILTER_APPLIED,2,2.0,normal,False,False,False,False,0,0,0,0,0,0,0,,,,"{""brand"": ""Samsung""}",0,,,,Włączono filtr brand = Samsung.
evt_ff4dec0eb5f244ecae42c6a0a1988a1e,sess_0036_92ec89af,5,2026-10-03T15:36:13.560000Z,usr_51207,anon_65e58f345df0,search,Szukaj: smartfon 256gb do 2000 - Ceneo,FILTER_APPLIED,3,1.0,normal,False,False,False,False,0,0,0,0,0,0,0,,,,"{""brand"": ""Samsung"", ""memory"": ""256GB""}",0,,,,Włączono filtr memory = 256GB.
evt_e0e7c75cfcca4caeb1e8b38933095c80,sess_0036_92ec89af,6,2026-10-03T15:36:15.280000Z,usr_51207,anon_65e58f345df0,search,Szukaj: smartfon 256gb do 2000 - Ceneo,PRICE_COMPARISON_CLICK,5,2.0,normal,False,False,False,False,0,0,0,0,0,0,0,,,,"{""brand"": ""Samsung"", ""memory"": ""256GB""}",0,Samsung Galaxy A55 5G 256GB,1799.0,,Kliknięto ofertę Samsung Galaxy A55 5G 256GB.
evt_fdc64c4a564e4c62b25b8c56a868191a,sess_0036_92ec89af,7,2026-10-03T15:36:15.858000Z,usr_51207,anon_65e58f345df0,product_details,Samsung Galaxy A55 5G 256GB - Ceneo,PRODUCT_INSPECT,0,1.0,normal,False,False,False,False,0,0,0,0,0,0,0,,,,"{""brand"": ""Samsung"", ""memory"": ""256GB""}",1,Samsung Galaxy A55 5G 256GB,1799.0,,Wejście w produkt Samsung Galaxy A55 5G 256GB.
evt_f2fa8e11b34d4c9b9fac818db5bd1c44,sess_0036_92ec89af,8,2026-10-03T15:36:28.870000Z,usr_51207,anon_65e58f345df0,product_details,Samsung Galaxy A55 5G 256GB - Ceneo,SCROLL,13,13.0,hesitant,False,False,False,False,0,0,0,0,0,0,0,,,,"{""brand"": ""Samsung"", ""memory"": ""256GB""}",1,Samsung Galaxy A55 5G 256GB,1799.0,,Przewinięto stronę 'Samsung Galaxy A55 5G 256GB - Ceneo' do 900px.
evt_84a2714da6ae456ba275c33a7cdee7a5,sess_0036_92ec89af,9,2026-10-03T15:36:35.712000Z,usr_51207,anon_65e58f345df0,product_details,Samsung Galaxy A55 5G 256GB - Ceneo,CLICK,20,7.0,normal,False,False,False,False,0,0,0,0,0,0,0,,,,"{""brand"": ""Samsung"", ""memory"": ""256GB""}",1,Samsung Galaxy A55 5G 256GB,1799.0,,Kliknięto 'Dodaj do koszyka' na stronie Samsung Galaxy A55 5G 256GB - Ceneo.
evt_44b9d5d33bce4fb1bb427e075d844ca9,sess_0036_92ec89af,10,2026-10-03T15:36:36.013000Z,usr_51207,anon_65e58f345df0,product_details,Samsung Galaxy A55 5G 256GB - Ceneo,ADD_TO_CART,20,0.0,rapid,False,False,False,False,0,0,0,0,0,0,0,,,,"{""brand"": ""Samsung"", ""memory"": ""256GB""}",1,Samsung Galaxy A55 5G 256GB,1799.0,1799.0,Dodano do koszyka: Samsung Galaxy A55 5G 256GB.
evt_74fd32d7c6a44c8e90cc161fd6701481,sess_0036_92ec89af,11,2026-10-03T15:36:36.851000Z,usr_51207,anon_65e58f345df0,cart,Koszyk - Ceneo,CART_VIEW,0,1.0,normal,False,False,False,False,0,0,0,0,0,0,0,,,,"{""brand"": ""Samsung"", ""memory"": ""256GB""}",1,Samsung Galaxy A55 5G 256GB,1799.0,1799.0,CART_VIEW na stronie Koszyk - Ceneo.
evt_15fefe2adbb24d9797ddfabbb85686f5,sess_0036_92ec89af,12,2026-10-03T15:36:39.776000Z,usr_51207,anon_65e58f345df0,cart,Koszyk - Ceneo,CLICK,3,3.0,normal,False,False,False,False,0,0,0,0,0,0,0,,,,"{""brand"": ""Samsung"", ""memory"": ""256GB""}",1,,,1799.0,Kliknięto 'Przejdź do kasy' na stronie Koszyk - Ceneo.
evt_a501add47a9e4fd593a740650e9fa550,sess_0036_92ec89af,13,2026-10-03T15:36:40.220000Z,usr_51207,anon_65e58f345df0,checkout,Zamówienie - Ceneo,CHECKOUT_START,0,0.0,rapid,False,False,False,False,0,0,0,0,0,0,0,,,,"{""brand"": ""Samsung"", ""memory"": ""256GB""}",1,Samsung Galaxy A55 5G 256GB,1799.0,1799.0,CHECKOUT_START na stronie Zamówienie - Ceneo.
evt_f57e5bd38f744518aa3048954156b13e,sess_0036_92ec89af,14,2026-10-03T15:36:43.010000Z,usr_51207,anon_65e58f345df0,checkout,Zamówienie - Ceneo,FORM_INPUT,3,3.0,normal,False,False,False,False,0,0,0,0,0,0,0,,,,"{""brand"": ""Samsung"", ""memory"": ""256GB""}",1,Samsung Galaxy A55 5G 256GB,1799.0,1799.0,Wpisano wartość w pole coupon_code.
evt_2967aee594044c3693cc6c43142c01f3,sess_0036_92ec89af,15,2026-10-03T15:36:43.851000Z,usr_51207,anon_65e58f345df0,checkout,Zamówienie - Ceneo,CLICK,4,1.0,normal,False,False,False,False,0,0,0,0,0,0,0,,,,"{""brand"": ""Samsung"", ""memory"": ""256GB""}",1,,,1799.0,Kliknięto 'Zastosuj kod' na stronie Zamówienie - Ceneo.
evt_1773b44ea1e04cc2b46cb0228f39a097,sess_0036_92ec89af,16,2026-10-03T15:36:44.184000Z,usr_51207,anon_65e58f345df0,checkout,Zamówienie - Ceneo,CLICK,4,0.0,rapid,False,False,False,False,0,0,0,0,0,0,0,,,,"{""brand"": ""Samsung"", ""memory"": ""256GB""}",1,Samsung Galaxy A55 5G 256GB,1799.0,1799.0,Kliknięto 'Zamawiam i płacę' na stronie Zamówienie - Ceneo.
evt_fc9fbe378acf4a838210ef5c797b8724,sess_0036_92ec89af,17,2026-10-03T15:36:45.539000Z,usr_51207,anon_65e58f345df0,checkout,Zamówienie - Ceneo,ORDER_COMPLETED,5,1.0,normal,False,False,False,False,0,0,0,0,0,0,0,,,,"{""brand"": ""Samsung"", ""memory"": ""256GB""}",1,Samsung Galaxy A55 5G 256GB,1799.0,1619.1,Zakończono zamówienie na kwotę 1619.1 PLN.
evt_9dc3bd2676234b2fb9f7614472b49caf,sess_0037_2c913a7c,1,2026-10-03T15:54:28.302000Z,,anon_3967e60a823d,home,Ceneo - porównywarka cen,PAGE_VIEW,0,,normal,False,False,False,False,0,0,0,0,0,0,0,,,,,0,,,,Otwarto stronę Ceneo - porównywarka cen.
evt_2240805b9b5d414fb001d6fbf8ae60de,sess_0037_2c913a7c,2,2026-10-03T15:54:29.344000Z,,anon_3967e60a823d,search,Szukaj: smartfon 256gb do 2000 - Ceneo,SEARCH_QUERY,1,1.0,normal,False,False,False,False,0,0,0,0,0,0,0,,,,,0,,,,"Wyszukano ""smartfon 256gb do 2000"" (42 wyników)."
evt_ad121adef7fc4204b62753dbe1cb5445,sess_0037_2c913a7c,3,2026-10-03T15:54:29.344000Z,,anon_3967e60a823d,search,Szukaj: smartfon 256gb do 2000 - Ceneo,PAGE_VIEW,0,0.0,rapid,False,False,False,False,0,0,0,0,0,0,0,,,,,0,,,,Otwarto stronę Szukaj: smartfon 256gb do 2000 - Ceneo.
evt_76c2442a2ec94e6a825a20cc301fe41e,sess_0037_2c913a7c,4,2026-10-03T15:54:31.249000Z,,anon_3967e60a823d,search,Szukaj: smartfon 256gb do 2000 - Ceneo,FILTER_APPLIED,2,2.0,normal,False,False,False,False,0,0,0,0,0,0,0,,,,"{""brand"": ""Xiaomi""}",0,,,,Włączono filtr brand = Xiaomi.
evt_7a887c40041d401995a8555441669aef,sess_0037_2c913a7c,5,2026-10-03T15:54:32.618000Z,,anon_3967e60a823d,search,Szukaj: smartfon 256gb do 2000 - Ceneo,FILTER_APPLIED,3,1.0,normal,False,False,False,False,0,0,0,0,0,0,0,,,,"{""brand"": ""Xiaomi"", ""memory"": ""256GB""}",0,,,,Włączono filtr memory = 256GB.
evt_779ca22d6906412fbaafecaebc49a775,sess_0037_2c913a7c,6,2026-10-03T15:54:34.804000Z,,anon_3967e60a823d,search,Szukaj: smartfon 256gb do 2000 - Ceneo,PRICE_COMPARISON_CLICK,5,2.0,normal,False,False,False,False,0,0,0,0,0,0,0,,,,"{""brand"": ""Xiaomi"", ""memory"": ""256GB""}",0,Xiaomi Redmi Note 13 Pro 256GB,1299.0,,Kliknięto ofertę Xiaomi Redmi Note 13 Pro 256GB.
evt_a1893828c4c4442b9873d9cde98413d4,sess_0037_2c913a7c,7,2026-10-03T15:54:35.220000Z,,anon_3967e60a823d,product_details,Xiaomi Redmi Note 13 Pro 256GB - Ceneo,PRODUCT_INSPECT,0,0.0,rapid,False,False,False,False,0,0,0,0,0,0,0,,,,"{""brand"": ""Xiaomi"", ""memory"": ""256GB""}",1,Xiaomi Redmi Note 13 Pro 256GB,1299.0,,Wejście w produkt Xiaomi Redmi Note 13 Pro 256GB.
evt_7f2a2d83caa845bebc96a4e23cddded6,sess_0037_2c913a7c,8,2026-10-03T15:54:43.926000Z,,anon_3967e60a823d,product_details,Xiaomi Redmi Note 13 Pro 256GB - Ceneo,SCROLL,9,9.0,normal,False,False,False,False,0,0,0,0,0,0,0,,,,"{""brand"": ""Xiaomi"", ""memory"": ""256GB""}",1,Xiaomi Redmi Note 13 Pro 256GB,1299.0,,Przewinięto stronę 'Xiaomi Redmi Note 13 Pro 256GB - Ceneo' do 900px.
evt_58efcec716444a7f8eade7e1276c164a,sess_0037_2c913a7c,9,2026-10-03T15:54:49.192000Z,,anon_3967e60a823d,product_details,Xiaomi Redmi Note 13 Pro 256GB - Ceneo,CLICK,14,5.0,normal,False,False,False,False,0,0,0,0,0,0,0,,,,"{""brand"": ""Xiaomi"", ""memory"": ""256GB""}",1,Xiaomi Redmi Note 13 Pro 256GB,1299.0,,Kliknięto 'Dodaj do koszyka' na stronie Xiaomi Redmi Note 13 Pro 256GB - Ceneo.
evt_894add061d004f67917a7a2c6e377bca,sess_0037_2c913a7c,10,2026-10-03T15:54:49.625000Z,,anon_3967e60a823d,product_details,Xiaomi Redmi Note 13 Pro 256GB - Ceneo,ADD_TO_CART,14,0.0,rapid,False,False,False,False,0,0,0,0,0,0,0,,,,"{""brand"": ""Xiaomi"", ""memory"": ""256GB""}",1,Xiaomi Redmi Note 13 Pro 256GB,1299.0,1299.0,Dodano do koszyka: Xiaomi Redmi Note 13 Pro 256GB.
evt_92765c0e549949e29b2bfc41c9aae9d1,sess_0037_2c913a7c,11,2026-10-03T15:54:50.815000Z,,anon_3967e60a823d,cart,Koszyk - Ceneo,CART_VIEW,0,1.0,normal,False,False,False,False,0,0,0,0,0,0,0,,,,"{""brand"": ""Xiaomi"", ""memory"": ""256GB""}",1,Xiaomi Redmi Note 13 Pro 256GB,1299.0,1299.0,CART_VIEW na stronie Koszyk - Ceneo.
evt_c78d5173eeb8418ab49c493e6587549f,sess_0037_2c913a7c,12,2026-10-03T15:54:53.656000Z,,anon_3967e60a823d,cart,Koszyk - Ceneo,CLICK,3,3.0,normal,False,False,False,False,0,0,0,0,0,0,0,,,,"{""brand"": ""Xiaomi"", ""memory"": ""256GB""}",1,,,1299.0,Kliknięto 'Przejdź do kasy' na stronie Koszyk - Ceneo.
evt_c9db973cb0674959ae593a2a6c130827,sess_0037_2c913a7c,13,2026-10-03T15:54:54.120000Z,,anon_3967e60a823d,checkout,Zamówienie - Ceneo,CHECKOUT_START,0,0.0,rapid,False,False,False,False,0,0,0,0,0,0,0,,,,"{""brand"": ""Xiaomi"", ""memory"": ""256GB""}",1,Xiaomi Redmi Note 13 Pro 256GB,1299.0,1299.0,CHECKOUT_START na stronie Zamówienie - Ceneo.
evt_0eea70f0b0ab4fbc91840d9108505e9d,sess_0037_2c913a7c,14,2026-10-03T15:54:56.577000Z,,anon_3967e60a823d,checkout,Zamówienie - Ceneo,FORM_INPUT,2,2.0,normal,False,False,False,False,0,0,0,0,0,0,0,,,,"{""brand"": ""Xiaomi"", ""memory"": ""256GB""}",1,Xiaomi Redmi Note 13 Pro 256GB,1299.0,1299.0,Wpisano wartość w pole coupon_code.
evt_30269c5dee154eb5bb08b9805cd0ccbb,sess_0037_2c913a7c,15,2026-10-03T15:54:57.307000Z,,anon_3967e60a823d,checkout,Zamówienie - Ceneo,CLICK,3,1.0,normal,False,False,False,False,0,0,0,0,0,0,0,,,,"{""brand"": ""Xiaomi"", ""memory"": ""256GB""}",1,,,1299.0,Kliknięto 'Zastosuj kod' na stronie Zamówienie - Ceneo.
evt_630c827cccb647b79685ffff77051a89,sess_0037_2c913a7c,16,2026-10-03T15:54:57.871000Z,,anon_3967e60a823d,checkout,Zamówienie - Ceneo,CLICK,4,1.0,normal,False,False,False,False,0,0,0,0,0,0,0,,,,"{""brand"": ""Xiaomi"", ""memory"": ""256GB""}",1,Xiaomi Redmi Note 13 Pro 256GB,1299.0,1299.0,Kliknięto 'Zamawiam i płacę' na stronie Zamówienie - Ceneo.
evt_aafba3dad22b440299a2263c45d48101,sess_0037_2c913a7c,17,2026-10-03T15:54:58.802000Z,,anon_3967e60a823d,checkout,Zamówienie - Ceneo,ORDER_COMPLETED,5,1.0,normal,False,False,False,False,0,0,0,0,0,0,0,,,,"{""brand"": ""Xiaomi"", ""memory"": ""256GB""}",1,Xiaomi Redmi Note 13 Pro 256GB,1299.0,1169.1,Zakończono zamówienie na kwotę 1169.1 PLN.
evt_6591014d781041118d4bd850f19e8c48,sess_0038_e9247069,1,2026-10-03T16:07:08.278000Z,,anon_1fc905f8d4d6,home,Ceneo - porównywarka cen,PAGE_VIEW,0,,normal,False,False,False,False,0,0,0,0,0,0,0,,,,,0,,,,Otwarto stronę Ceneo - porównywarka cen.
evt_cc68d00349e4482495e88fe4859ce3d5,sess_0038_e9247069,2,2026-10-03T16:07:09.346000Z,,anon_1fc905f8d4d6,search,Szukaj: smartfon 256gb do 2000 - Ceneo,SEARCH_QUERY,1,1.0,normal,False,False,False,False,0,0,0,0,0,0,0,,,,,0,,,,"Wyszukano ""smartfon 256gb do 2000"" (42 wyników)."
evt_935715c54251451f9c6a60696e9d8920,sess_0038_e9247069,3,2026-10-03T16:07:09.346000Z,,anon_1fc905f8d4d6,search,Szukaj: smartfon 256gb do 2000 - Ceneo,PAGE_VIEW,0,0.0,rapid,False,False,False,False,0,0,0,0,0,0,0,,,,,0,,,,Otwarto stronę Szukaj: smartfon 256gb do 2000 - Ceneo.
evt_b749318bb5a54771bda74380f9077f18,sess_0038_e9247069,4,2026-10-03T16:07:11.703000Z,,anon_1fc905f8d4d6,search,Szukaj: smartfon 256gb do 2000 - Ceneo,FILTER_APPLIED,2,2.0,normal,False,False,False,False,0,0,0,0,0,0,0,,,,"{""brand"": ""Google""}",0,,,,Włączono filtr brand = Google.
evt_2837503ee5b64144ad360c25e35eb5c3,sess_0038_e9247069,5,2026-10-03T16:07:12.933000Z,,anon_1fc905f8d4d6,search,Szukaj: smartfon 256gb do 2000 - Ceneo,FILTER_APPLIED,4,1.0,normal,False,False,False,False,0,0,0,0,0,0,0,,,,"{""brand"": ""Google"", ""memory"": ""256GB""}",0,,,,Włączono filtr memory = 256GB.
evt_91ce8e3d2e0e49ae9bce92a023bfd14e,sess_0038_e9247069,6,2026-10-03T16:07:15.503000Z,,anon_1fc905f8d4d6,search,Szukaj: smartfon 256gb do 2000 - Ceneo,PRICE_COMPARISON_CLICK,6,3.0,normal,False,False,False,False,0,0,0,0,0,0,0,,,,"{""brand"": ""Google"", ""memory"": ""256GB""}",0,Google Pixel 8a 128GB,1899.0,,Kliknięto ofertę Google Pixel 8a 128GB.
evt_64357c1f16344884888cf36898ec408e,sess_0038_e9247069,7,2026-10-03T16:07:15.981000Z,,anon_1fc905f8d4d6,product_details,Google Pixel 8a 128GB - Ceneo,PRODUCT_INSPECT,0,0.0,rapid,False,False,False,False,0,0,0,0,0,0,0,,,,"{""brand"": ""Google"", ""memory"": ""256GB""}",1,Google Pixel 8a 128GB,1899.0,,Wejście w produkt Google Pixel 8a 128GB.
evt_d43221c4f7cf49a28cf939aabf0a988c,sess_0038_e9247069,8,2026-10-03T16:07:29.183000Z,,anon_1fc905f8d4d6,product_details,Google Pixel 8a 128GB - Ceneo,SCROLL,13,13.0,hesitant,False,False,False,False,0,0,0,0,0,0,0,,,,"{""brand"": ""Google"", ""memory"": ""256GB""}",1,Google Pixel 8a 128GB,1899.0,,Przewinięto stronę 'Google Pixel 8a 128GB - Ceneo' do 900px.
evt_e9bd2af42e7b4af487b92705ad282fd8,sess_0038_e9247069,9,2026-10-03T16:07:34.307000Z,,anon_1fc905f8d4d6,product_details,Google Pixel 8a 128GB - Ceneo,CLICK,18,5.0,normal,False,False,False,False,0,0,0,0,0,0,0,,,,"{""brand"": ""Google"", ""memory"": ""256GB""}",1,Google Pixel 8a 128GB,1899.0,,Kliknięto 'Dodaj do koszyka' na stronie Google Pixel 8a 128GB - Ceneo.
evt_b1478dc51b5b4f19a46703912e08772a,sess_0038_e9247069,10,2026-10-03T16:07:34.717000Z,,anon_1fc905f8d4d6,product_details,Google Pixel 8a 128GB - Ceneo,ADD_TO_CART,19,0.0,rapid,False,False,False,False,0,0,0,0,0,0,0,,,,"{""brand"": ""Google"", ""memory"": ""256GB""}",1,Google Pixel 8a 128GB,1899.0,1899.0,Dodano do koszyka: Google Pixel 8a 128GB.
evt_d74a452b733f42aaa82958eb3b4231d5,sess_0038_e9247069,11,2026-10-03T16:07:35.963000Z,,anon_1fc905f8d4d6,cart,Koszyk - Ceneo,CART_VIEW,0,1.0,normal,False,False,False,False,0,0,0,0,0,0,0,,,,"{""brand"": ""Google"", ""memory"": ""256GB""}",1,Google Pixel 8a 128GB,1899.0,1899.0,CART_VIEW na stronie Koszyk - Ceneo.
evt_ca6cc2bc297a42ecb279789735345d1a,sess_0038_e9247069,12,2026-10-03T16:07:38.992000Z,,anon_1fc905f8d4d6,cart,Koszyk - Ceneo,CLICK,3,3.0,normal,False,False,False,False,0,0,0,0,0,0,0,,,,"{""brand"": ""Google"", ""memory"": ""256GB""}",1,,,1899.0,Kliknięto 'Przejdź do kasy' na stronie Koszyk - Ceneo.
evt_d4e819c16fee441284c5ec023cd25e46,sess_0038_e9247069,13,2026-10-03T16:07:39.689000Z,,anon_1fc905f8d4d6,checkout,Zamówienie - Ceneo,CHECKOUT_START,0,1.0,normal,False,False,False,False,0,0,0,0,0,0,0,,,,"{""brand"": ""Google"", ""memory"": ""256GB""}",1,Google Pixel 8a 128GB,1899.0,1899.0,CHECKOUT_START na stronie Zamówienie - Ceneo.
evt_850f3bd956cd4dfead4b68d8ab55dc17,sess_0038_e9247069,14,2026-10-03T16:07:41.664000Z,,anon_1fc905f8d4d6,checkout,Zamówienie - Ceneo,FORM_INPUT,2,2.0,normal,False,False,False,False,0,0,0,0,0,0,0,,,,"{""brand"": ""Google"", ""memory"": ""256GB""}",1,Google Pixel 8a 128GB,1899.0,1899.0,Wpisano wartość w pole coupon_code.
evt_1b92e6e898644bccb5dd38567f791fde,sess_0038_e9247069,15,2026-10-03T16:07:42.483000Z,,anon_1fc905f8d4d6,checkout,Zamówienie - Ceneo,CLICK,3,1.0,normal,False,False,False,False,0,0,0,0,0,0,0,,,,"{""brand"": ""Google"", ""memory"": ""256GB""}",1,,,1899.0,Kliknięto 'Zastosuj kod' na stronie Zamówienie - Ceneo.
evt_36251fae9a274147bd74555b30be4808,sess_0038_e9247069,16,2026-10-03T16:07:42.955000Z,,anon_1fc905f8d4d6,checkout,Zamówienie - Ceneo,CLICK,3,0.0,rapid,False,False,False,False,0,0,0,0,0,0,0,,,,"{""brand"": ""Google"", ""memory"": ""256GB""}",1,Google Pixel 8a 128GB,1899.0,1899.0,Kliknięto 'Zamawiam i płacę' na stronie Zamówienie - Ceneo.
evt_2d2dde0812574c0280e236e3b6b36ec8,sess_0038_e9247069,17,2026-10-03T16:07:43.797000Z,,anon_1fc905f8d4d6,checkout,Zamówienie - Ceneo,ORDER_COMPLETED,4,1.0,normal,False,False,False,False,0,0,0,0,0,0,0,,,,"{""brand"": ""Google"", ""memory"": ""256GB""}",1,Google Pixel 8a 128GB,1899.0,1709.1,Zakończono zamówienie na kwotę 1709.1 PLN.
evt_35b16d850899414f94c7f287c6165468,sess_0039_c4576cc3,1,2026-10-03T16:12:10.454000Z,,anon_a394ed549e3c,home,Ceneo - porównywarka cen,PAGE_VIEW,0,,normal,False,False,False,False,0,0,0,0,0,0,0,,,,,0,,,,Otwarto stronę Ceneo - porównywarka cen.
evt_83a584225b9a4cfba3720adfaf5ec54b,sess_0039_c4576cc3,2,2026-10-03T16:12:11.912000Z,,anon_a394ed549e3c,search,Szukaj: smartfon 256gb do 2000 - Ceneo,SEARCH_QUERY,1,1.0,normal,False,False,False,False,0,0,0,0,0,0,0,,,,,0,,,,"Wyszukano ""smartfon 256gb do 2000"" (42 wyników)."
evt_51f0a8402b2d43ac8af07338933b2f09,sess_0039_c4576cc3,3,2026-10-03T16:12:11.912000Z,,anon_a394ed549e3c,search,Szukaj: smartfon 256gb do 2000 - Ceneo,PAGE_VIEW,0,0.0,rapid,False,False,False,False,0,0,0,0,0,0,0,,,,,0,,,,Otwarto stronę Szukaj: smartfon 256gb do 2000 - Ceneo.
evt_3147ee506a504f8980f4794b4fa03f9a,sess_0039_c4576cc3,4,2026-10-03T16:12:14.291000Z,,anon_a394ed549e3c,search,Szukaj: smartfon 256gb do 2000 - Ceneo,FILTER_APPLIED,2,2.0,normal,False,False,False,False,0,0,0,0,0,0,0,,,,"{""brand"": ""Xiaomi""}",0,,,,Włączono filtr brand = Xiaomi.
evt_05389da90ad24ab98932a37d94e74911,sess_0039_c4576cc3,5,2026-10-03T16:12:15.785000Z,,anon_a394ed549e3c,search,Szukaj: smartfon 256gb do 2000 - Ceneo,FILTER_APPLIED,4,1.0,normal,False,False,False,False,0,0,0,0,0,0,0,,,,"{""brand"": ""Xiaomi"", ""memory"": ""256GB""}",0,,,,Włączono filtr memory = 256GB.
evt_808f792a9e784b3b8031c55654d3f8e5,sess_0039_c4576cc3,6,2026-10-03T16:12:18.209000Z,,anon_a394ed549e3c,search,Szukaj: smartfon 256gb do 2000 - Ceneo,PRICE_COMPARISON_CLICK,6,2.0,normal,False,False,False,False,0,0,0,0,0,0,0,,,,"{""brand"": ""Xiaomi"", ""memory"": ""256GB""}",0,Xiaomi Redmi Note 13 Pro 256GB,1299.0,,Kliknięto ofertę Xiaomi Redmi Note 13 Pro 256GB.
evt_0e794e9cb79a438c94031298f88095e9,sess_0039_c4576cc3,7,2026-10-03T16:12:18.596000Z,,anon_a394ed549e3c,product_details,Xiaomi Redmi Note 13 Pro 256GB - Ceneo,PRODUCT_INSPECT,0,0.0,rapid,False,False,False,False,0,0,0,0,0,0,0,,,,"{""brand"": ""Xiaomi"", ""memory"": ""256GB""}",1,Xiaomi Redmi Note 13 Pro 256GB,1299.0,,Wejście w produkt Xiaomi Redmi Note 13 Pro 256GB.
evt_18ee17a40e284c45b387c5c8eede7648,sess_0039_c4576cc3,8,2026-10-03T16:12:27.086000Z,,anon_a394ed549e3c,product_details,Xiaomi Redmi Note 13 Pro 256GB - Ceneo,SCROLL,8,8.0,normal,False,False,False,False,0,0,0,0,0,0,0,,,,"{""brand"": ""Xiaomi"", ""memory"": ""256GB""}",1,Xiaomi Redmi Note 13 Pro 256GB,1299.0,,Przewinięto stronę 'Xiaomi Redmi Note 13 Pro 256GB - Ceneo' do 900px.
evt_3d1c90b3e10e4c05a133e286dc4dbf50,sess_0039_c4576cc3,9,2026-10-03T16:12:32.886000Z,,anon_a394ed549e3c,product_details,Xiaomi Redmi Note 13 Pro 256GB - Ceneo,CLICK,14,6.0,normal,False,False,False,False,0,0,0,0,0,0,0,,,,"{""brand"": ""Xiaomi"", ""memory"": ""256GB""}",1,Xiaomi Redmi Note 13 Pro 256GB,1299.0,,Kliknięto 'Dodaj do koszyka' na stronie Xiaomi Redmi Note 13 Pro 256GB - Ceneo.
evt_689d7333f42749f5b686a2f8c0b9ba7f,sess_0039_c4576cc3,10,2026-10-03T16:12:33.259000Z,,anon_a394ed549e3c,product_details,Xiaomi Redmi Note 13 Pro 256GB - Ceneo,ADD_TO_CART,15,0.0,rapid,False,False,False,False,0,0,0,0,0,0,0,,,,"{""brand"": ""Xiaomi"", ""memory"": ""256GB""}",1,Xiaomi Redmi Note 13 Pro 256GB,1299.0,1299.0,Dodano do koszyka: Xiaomi Redmi Note 13 Pro 256GB.
evt_506599d2ffee455b94c482373dbb7f9f,sess_0039_c4576cc3,11,2026-10-03T16:12:34.167000Z,,anon_a394ed549e3c,cart,Koszyk - Ceneo,CART_VIEW,0,1.0,normal,False,False,False,False,0,0,0,0,0,0,0,,,,"{""brand"": ""Xiaomi"", ""memory"": ""256GB""}",1,Xiaomi Redmi Note 13 Pro 256GB,1299.0,1299.0,CART_VIEW na stronie Koszyk - Ceneo.
evt_7c6e2291ef0348928272a8a1d2442b88,sess_0039_c4576cc3,12,2026-10-03T16:12:37.409000Z,,anon_a394ed549e3c,cart,Koszyk - Ceneo,CLICK,3,3.0,normal,False,False,False,False,0,0,0,0,0,0,0,,,,"{""brand"": ""Xiaomi"", ""memory"": ""256GB""}",1,,,1299.0,Kliknięto 'Przejdź do kasy' na stronie Koszyk - Ceneo.
evt_a675c810b6844dcc985b39aece2d0132,sess_0039_c4576cc3,13,2026-10-03T16:12:37.972000Z,,anon_a394ed549e3c,checkout,Zamówienie - Ceneo,CHECKOUT_START,0,1.0,normal,False,False,False,False,0,0,0,0,0,0,0,,,,"{""brand"": ""Xiaomi"", ""memory"": ""256GB""}",1,Xiaomi Redmi Note 13 Pro 256GB,1299.0,1299.0,CHECKOUT_START na stronie Zamówienie - Ceneo.
evt_ddfe8b1f787741559ba12dc8a05fc8eb,sess_0039_c4576cc3,14,2026-10-03T16:12:40.653000Z,,anon_a394ed549e3c,checkout,Zamówienie - Ceneo,FORM_INPUT,3,3.0,normal,False,False,False,False,0,0,0,0,0,0,0,,,,"{""brand"": ""Xiaomi"", ""memory"": ""256GB""}",1,Xiaomi Redmi Note 13 Pro 256GB,1299.0,1299.0,Wpisano wartość w pole coupon_code.
evt_2d6a7235bf834db9b7be5c1d786dbdfb,sess_0039_c4576cc3,15,2026-10-03T16:12:41.357000Z,,anon_a394ed549e3c,checkout,Zamówienie - Ceneo,CLICK,3,1.0,normal,False,False,False,False,0,0,0,0,0,0,0,,,,"{""brand"": ""Xiaomi"", ""memory"": ""256GB""}",1,,,1299.0,Kliknięto 'Zastosuj kod' na stronie Zamówienie - Ceneo.
evt_eb732200775649949518788815558d14,sess_0039_c4576cc3,16,2026-10-03T16:12:41.846000Z,,anon_a394ed549e3c,checkout,Zamówienie - Ceneo,CLICK,4,0.0,rapid,False,False,False,False,0,0,0,0,0,0,0,,,,"{""brand"": ""Xiaomi"", ""memory"": ""256GB""}",1,Xiaomi Redmi Note 13 Pro 256GB,1299.0,1299.0,Kliknięto 'Zamawiam i płacę' na stronie Zamówienie - Ceneo.
evt_95cfeeb71002421e89cbcb6382a8671f,sess_0039_c4576cc3,17,2026-10-03T16:12:43.221000Z,,anon_a394ed549e3c,checkout,Zamówienie - Ceneo,ORDER_COMPLETED,5,1.0,normal,False,False,False,False,0,0,0,0,0,0,0,,,,"{""brand"": ""Xiaomi"", ""memory"": ""256GB""}",1,Xiaomi Redmi Note 13 Pro 256GB,1299.0,1169.1,Zakończono zamówienie na kwotę 1169.1 PLN.
